customer_id,full_name,country,segment,signup_date
1,Jennifer Williams,IN,consumer,2025-03-09
2,Holly Brown,US,consumer,2026-03-30
3,Brady Barnes,CA,enterprise,2025-07-30
4,Jeff Serrano,UK,consumer,2025-01-03
5,Lydia Aguilar,IN,small_business,2024-10-05
6,Jennifer Cherry,DE,small_business,2024-08-18
7,Brandi Barnes,IN,enterprise,2024-08-06
8,Eric Cabrera,DE,enterprise,2025-08-24
9,Kenneth Lopez,US,consumer,2024-11-18
10,Amy Brown,UK,consumer,2024-09-14
11,Joseph Waters MD,US,small_business,2024-12-07
12,David White,US,consumer,2025-06-17
13,Kenneth Fox,IN,enterprise,2026-02-26
14,Jerry Lynch,IN,enterprise,2026-05-11
15,Jason Sherman,CA,small_business,2024-08-26
16,Jennifer Hayden,DE,consumer,2024-10-27
17,Laura Hutchinson,DE,small_business,2024-08-30
18,Gregory Crawford,US,enterprise,2025-03-01
19,Ryan Duffy,DE,small_business,2026-03-11
20,Ana Simon,IN,consumer,2025-07-04
21,Wendy Short,CA,consumer,2025-02-26
22,Stacy Reed,IN,consumer,2025-02-07
23,Levi Snyder,CA,enterprise,2025-06-24
24,Beverly Wright,CA,consumer,2024-12-17
25,Kathleen Jackson,IN,small_business,2025-04-30
26,Sophia Fuentes,IN,consumer,2025-05-08
27,Michelle Downs,UK,small_business,2026-05-03
28,Tina Hernandez,DE,small_business,2025-12-13
29,Matthew Smith,IN,small_business,2024-11-14
30,Deborah Smith,CA,small_business,2026-04-07
31,Lisa Flores,UK,small_business,2025-05-22
32,Kaylee Williamson,CA,consumer,2024-10-06
33,Joyce Pitts,US,consumer,2025-12-08
34,Kristin Sanders,UK,enterprise,2026-05-11
35,Mark Brown,DE,small_business,2025-05-03
36,Mrs. Ashley Burke,UK,enterprise,2024-08-22
37,Christian Garcia,US,enterprise,2024-09-18
38,Andrea Clark,IN,consumer,2025-04-09
39,David Reed,IN,small_business,2025-04-19
40,Brian Freeman,IN,consumer,2025-04-09
41,Mr. Charles Brady,CA,small_business,2025-06-27
42,Ronald Martin,DE,enterprise,2026-01-27
43,Trevor Cox,IN,small_business,2024-07-18
44,Alyssa Rice,DE,consumer,2025-12-18
45,Melissa Green,DE,small_business,2025-11-12
46,Heather Walker,CA,small_business,2025-04-11
47,Erin Walker,CA,consumer,2025-08-25
48,Olivia Lee,IN,consumer,2026-03-23
49,Natalie Perez,DE,consumer,2025-01-02
50,Nicholas Mayo DDS,DE,small_business,2025-08-07
51,Michael Huber,DE,consumer,2025-07-02
52,Miranda Bailey,US,consumer,2025-06-13
53,Brian Harrison,IN,small_business,2025-04-10
54,Marcus Mccullough,US,consumer,2025-03-20
55,Terry Cooper,CA,consumer,2026-04-14
56,Matthew Browning,US,consumer,2025-11-12
57,Christina Small,UK,consumer,2026-02-28
58,Evelyn Owen,UK,enterprise,2025-06-03
59,James Arroyo,UK,consumer,2026-01-12
60,Willie Johnson,US,enterprise,2026-01-14
61,Renee Thomas,CA,consumer,2025-10-02
62,Kara Pineda,DE,small_business,2026-04-03
63,Bonnie Smith,IN,enterprise,2024-10-30
64,Kelsey Peck,IN,small_business,2026-01-16
65,Mrs. Shelly Johnson,IN,consumer,2025-06-02
66,David Willis,UK,small_business,2024-12-13
67,Sandra Brown,UK,consumer,2025-01-18
68,Jimmy Aguilar,UK,consumer,2026-01-26
69,Thomas Shaw,DE,enterprise,2025-08-06
70,Jordan Salas,UK,enterprise,2025-08-18
71,Aaron Lloyd,IN,consumer,2026-02-24
72,Manuel Martinez,UK,small_business,2024-11-11
73,Joseph Peters,IN,small_business,2024-08-17
74,Sophia Brown,DE,enterprise,2026-03-02
75,Raymond Romero,DE,consumer,2024-11-26
76,Steven Brown,US,enterprise,2025-09-10
77,Kathy Hunt,UK,enterprise,2025-03-10
78,Jordan Aguirre,CA,enterprise,2025-12-21
79,Melissa Mcdowell,DE,consumer,2025-07-30
80,Stephanie Harris,US,enterprise,2025-01-18
81,Bryan Ramos,US,enterprise,2025-06-13
82,Jessica Lewis,DE,consumer,2024-08-26
83,Stephanie Moore,UK,small_business,2025-02-21
84,Holly King,US,enterprise,2026-01-08
85,Colleen Cisneros,IN,consumer,2024-10-15
86,Carla Contreras,UK,small_business,2025-05-06
87,Jeffrey Robertson,CA,enterprise,2024-12-21
88,Howard Davis,CA,consumer,2025-03-21
89,Julian Alexander,IN,consumer,2025-04-11
90,Joseph Phillips,CA,small_business,2024-07-15
91,Thomas Perez,UK,enterprise,2024-08-19
92,Derek Williams,DE,enterprise,2026-05-12
93,Peter Weiss,UK,small_business,2026-02-26
94,Sabrina Green,UK,enterprise,2026-04-21
95,Kayla Simpson,IN,consumer,2024-10-25
96,Anthony Watts,DE,small_business,2025-03-12
97,Debra Smith,IN,small_business,2025-05-27
98,Angela Chase,DE,small_business,2024-09-07
99,Bryan Smith,US,small_business,2024-08-21
100,Thomas Howell,UK,consumer,2025-09-03
101,Cynthia Rodriguez,US,small_business,2024-08-03
102,Christopher Randolph,UK,small_business,2024-11-03
103,Peter Roberts,UK,enterprise,2025-11-01
104,Debra Lara,DE,enterprise,2025-07-24
105,Albert Wagner,DE,small_business,2025-01-11
106,Danielle West,UK,enterprise,2024-11-25
107,Jessica Simpson,US,consumer,2025-11-24
108,Tracy Parker,CA,enterprise,2026-04-10
109,Mrs. Sandra Mann,UK,small_business,2024-12-15
110,William Holden,UK,small_business,2025-11-06
111,Benjamin Yang,DE,consumer,2026-04-12
112,Anthony Ortega,UK,small_business,2025-01-15
113,Meagan Campbell,IN,consumer,2025-04-22
114,Amber Lopez,DE,small_business,2025-01-05
115,Dennis Nixon,IN,enterprise,2025-01-25
116,Andrew Khan,US,enterprise,2025-08-29
117,Aaron James,US,small_business,2024-12-17
118,Matthew Wright,US,enterprise,2025-07-04
119,Dennis Davis,DE,consumer,2026-02-23
120,Jennifer Evans,US,enterprise,2025-05-07
121,Kevin Rice,US,small_business,2025-11-02
122,Steven Bowers,UK,consumer,2026-02-03
123,Gabriel Rollins,CA,small_business,2025-10-07
124,Luke Thomas,UK,small_business,2024-10-25
125,Stephanie Burton,CA,small_business,2026-04-02
126,Kathy Browning,UK,enterprise,2026-01-21
127,Sandy Ballard,DE,small_business,2026-02-05
128,Rebecca Dawson,UK,enterprise,2026-04-03
129,Angela Williams,UK,small_business,2025-12-21
130,Brian Houston,CA,small_business,2025-11-07
131,Albert Schmidt,UK,small_business,2025-09-07
132,Aaron Salinas DDS,DE,small_business,2025-01-06
133,Anna Fox,CA,enterprise,2025-07-26
134,Darlene Jones,DE,enterprise,2026-01-31
135,Peter Hall,UK,small_business,2025-01-23
136,Kathleen Reyes,IN,enterprise,2025-11-17
137,Donna Williams,UK,consumer,2025-07-08
138,Angela Hernandez,CA,small_business,2025-11-04
139,Melissa Howell,US,small_business,2025-01-14
140,Antonio Adams,UK,consumer,2024-10-12
141,Daniel Burns,UK,small_business,2025-12-04
142,Julie Owens,DE,small_business,2026-01-02
143,Kimberly Collins MD,DE,enterprise,2024-10-01
144,Jimmy Wilkins,IN,small_business,2025-07-03
145,Jasmine Rangel DVM,UK,consumer,2025-06-15
146,Brenda Warren,UK,small_business,2024-08-27
147,Robert Hicks,IN,enterprise,2025-04-06
148,Jacob Jimenez,US,enterprise,2026-05-20
149,Mr. Aaron Vasquez,UK,enterprise,2026-05-12
150,Nicholas Butler,IN,enterprise,2025-06-16
151,Ryan Smith,US,consumer,2025-04-19
152,James Case,UK,enterprise,2026-02-04
153,Stephanie Roberts,IN,enterprise,2024-11-30
154,James Berg,UK,small_business,2025-04-16
155,Jeffrey Hill,IN,enterprise,2024-08-29
156,Anthony Stanley,IN,enterprise,2024-08-07
157,Danielle Baker,CA,enterprise,2025-11-06
158,Raymond Glover,IN,small_business,2025-08-01
159,Robin Mccoy,CA,enterprise,2025-05-29
160,Kirsten Ball,CA,small_business,2026-05-12
161,Jennifer Mendez,IN,small_business,2024-08-08
162,Donna Williams,UK,small_business,2024-10-16
163,John Cooper,CA,enterprise,2025-09-01
164,Parker Delgado,US,small_business,2025-02-17
165,Elizabeth Grant,CA,enterprise,2025-05-12
166,Mason Jones,US,enterprise,2025-05-03
167,Kathleen Robinson,UK,enterprise,2025-07-24
168,Joanna Taylor MD,IN,consumer,2025-03-16
169,Justin Flores,IN,small_business,2024-09-09
170,Keith Clay,UK,enterprise,2025-04-13
171,Janet Reese,IN,enterprise,2026-02-03
172,George Brown,DE,enterprise,2024-12-11
173,Heather Mcdaniel,DE,small_business,2025-02-01
174,Shari Robinson,IN,enterprise,2025-08-16
175,Janice Brewer,DE,enterprise,2025-01-27
176,Sarah Salas,US,enterprise,2025-06-01
177,Jeffery Gallagher,CA,small_business,2024-07-17
178,Kevin Smith,IN,consumer,2026-03-17
179,Tanya Rose,IN,small_business,2025-05-01
180,Danielle Rodriguez,DE,consumer,2025-06-29
181,Wesley Rodriguez,US,enterprise,2024-10-28
182,Maria Hubbard,CA,consumer,2026-04-03
183,Ricardo Smith,UK,enterprise,2025-06-21
184,Thomas Brewer,UK,small_business,2024-10-06
185,Lori Rice,UK,consumer,2025-02-21
186,Ashley Jones,UK,enterprise,2025-06-05
187,Cheryl Green,US,small_business,2025-08-12
188,Alexandra Turner,UK,enterprise,2026-03-06
189,Eugene Franco,CA,enterprise,2025-06-23
190,David Wright,CA,small_business,2025-01-05
191,Elizabeth Johnson,US,enterprise,2025-05-16
192,Maria Miller,UK,consumer,2025-07-23
193,Tammy Perez,US,small_business,2024-12-24
194,Michelle Cox,CA,consumer,2024-07-27
195,Robert Stevenson,CA,small_business,2025-05-04
196,Jon Gonzalez,CA,enterprise,2025-07-28
197,Crystal Walker,DE,small_business,2026-02-15
198,Ashley Hanson,US,small_business,2026-02-11
199,Daniel Butler,US,enterprise,2025-10-17
200,Kurt Weeks,US,enterprise,2025-11-29
201,William Thomas,DE,small_business,2024-08-12
202,Cathy Cole,US,small_business,2024-08-10
203,Morgan Bright,CA,small_business,2026-01-05
204,Cody Boyle,IN,small_business,2024-11-06
205,Eric Swanson,IN,consumer,2026-01-31
206,Gary Jackson,UK,enterprise,2026-04-13
207,Bobby Fisher,UK,small_business,2024-07-03
208,Victor Clark,IN,small_business,2026-05-19
209,Ellen Brock,UK,small_business,2025-04-04
210,John Watson,US,consumer,2024-09-07
211,Jackson Prince,US,enterprise,2025-06-12
212,Danielle Garrett,CA,small_business,2024-07-24
213,Andrew Brown,UK,enterprise,2025-05-11
214,Paul Roach,UK,small_business,2024-08-18
215,George Mckay,UK,small_business,2025-03-21
216,Mitchell Stewart,US,consumer,2024-08-03
217,Nathan Larson,UK,consumer,2025-01-31
218,Terri Johnson,US,enterprise,2026-03-18
219,Mike Owens,US,consumer,2024-12-29
220,David Jordan,DE,consumer,2026-02-24
221,Jonathan Smith,UK,small_business,2025-07-19
222,Michael Hernandez,IN,enterprise,2026-01-25
223,Francisco Cox,IN,consumer,2024-12-31
224,Kayla Myers,IN,small_business,2026-02-28
225,Austin Johnson,US,small_business,2024-11-02
226,Caitlyn Simmons,UK,enterprise,2025-09-03
227,Deborah Miller MD,CA,enterprise,2024-09-20
228,Valerie Thompson MD,DE,enterprise,2025-07-23
229,Megan Adkins,CA,enterprise,2025-06-24
230,Olivia Chan,CA,small_business,2026-04-19
231,Keith Watson,CA,consumer,2025-02-14
232,Jeffrey Lopez,IN,consumer,2026-01-25
233,Stephen Lane,UK,consumer,2024-12-30
234,David Sanchez,DE,small_business,2025-03-11
235,Robert Valdez,DE,enterprise,2025-08-13
236,John Fuentes,UK,small_business,2024-07-29
237,James Mcdowell,US,small_business,2026-04-14
238,Colton Dudley,CA,small_business,2024-12-28
239,Benjamin Hunt,IN,consumer,2025-09-26
240,David Strickland,UK,consumer,2024-11-16
241,Kyle Harvey,DE,enterprise,2024-07-05
242,Gerald Williams,DE,enterprise,2024-12-17
243,Nicholas Sloan,US,enterprise,2025-01-14
244,Garrett Gregory,UK,enterprise,2026-03-25
245,Angela Johnson,UK,small_business,2024-11-21
246,Amy Garcia,US,consumer,2025-07-20
247,Brittany Ferguson,IN,small_business,2025-05-04
248,Michael Ortiz,UK,enterprise,2025-11-20
249,Jennifer Williams,UK,small_business,2025-02-06
250,Heather Butler,IN,small_business,2026-01-30
251,Rebekah Newman,IN,small_business,2026-05-03
252,Christina Smith,UK,consumer,2025-04-30
253,Robert Sullivan,IN,enterprise,2024-10-30
254,Raymond Anderson,UK,enterprise,2026-05-17
255,Margaret Browning,UK,consumer,2024-08-10
256,Tammy Mclaughlin,US,small_business,2024-09-08
257,Douglas Boyd,CA,consumer,2024-11-11
258,John Ballard,IN,enterprise,2024-08-22
259,Cameron Hahn,UK,enterprise,2026-03-18
260,Lawrence Fields,IN,small_business,2025-07-10
261,Lisa Summers,IN,consumer,2024-09-06
262,Shannon Oliver,DE,small_business,2024-11-02
263,Sandra White,DE,small_business,2025-10-21
264,Todd Moore,UK,small_business,2024-12-17
265,David Hardy,CA,small_business,2025-04-06
266,Stephen Kirby,UK,small_business,2026-05-28
267,Ryan Wilson,DE,enterprise,2025-12-05
268,Samuel Strickland,UK,small_business,2025-10-09
269,Kevin Simmons,UK,small_business,2025-11-17
270,Jonathan White,US,consumer,2025-11-24
271,Katherine Young,UK,consumer,2024-07-03
272,Sabrina Copeland,US,enterprise,2026-02-14
273,Brian Anderson,UK,enterprise,2026-03-22
274,Robert Gordon,US,consumer,2025-05-31
275,Mark Miller,US,consumer,2025-11-23
276,Nathan Miller,DE,consumer,2026-01-21
277,Jamie Tapia,DE,enterprise,2026-02-05
278,Austin Mendez,UK,small_business,2024-10-14
279,Cheryl Holden,IN,enterprise,2025-12-20
280,Robert Norton,US,enterprise,2025-07-18
281,Tara Jones,DE,small_business,2025-12-15
282,Darlene Nguyen,UK,enterprise,2025-03-30
283,Robert Thomas,UK,enterprise,2025-10-20
284,Karen Vargas,US,consumer,2025-07-26
285,Emma Johnson,IN,consumer,2025-10-22
286,Mark Ramirez,US,consumer,2024-11-19
287,Caroline Glover,DE,small_business,2025-03-12
288,Amber Garrison,UK,consumer,2024-09-28
289,Joseph Barker,US,enterprise,2026-05-10
290,Willie Soto,UK,enterprise,2026-05-28
291,Jacqueline Bennett,US,consumer,2025-05-03
292,Heather Duran,IN,small_business,2025-04-13
293,Luis Rubio,UK,enterprise,2025-06-09
294,Dawn Fowler,CA,enterprise,2025-02-16
295,Mary Edwards,CA,small_business,2026-05-07
296,Connie Carter,US,enterprise,2024-07-02
297,Jose Woodard,IN,small_business,2025-10-29
298,Lonnie Williams Jr.,IN,small_business,2024-10-11
299,Brian Howard,IN,enterprise,2025-09-14
300,Eric Anderson,US,consumer,2024-12-22
301,Karen Taylor,CA,enterprise,2025-04-11
302,Chase Davis,CA,consumer,2026-03-15
303,Maurice Nelson,US,enterprise,2025-11-08
304,Adam Newman,IN,small_business,2026-03-23
305,Linda Lane,UK,small_business,2025-09-10
306,Morgan Wright,UK,consumer,2025-10-11
307,Joseph Sullivan,UK,small_business,2024-07-01
308,Thomas Garcia,US,consumer,2025-01-01
309,Teresa Thomas,IN,small_business,2025-10-19
310,Maria Holland,UK,consumer,2024-12-02
311,Carrie Parker,US,consumer,2025-05-19
312,Wendy Ramsey,DE,enterprise,2025-02-19
313,Abigail Richard,IN,consumer,2025-07-07
314,Angela Rios,IN,consumer,2026-01-30
315,Brian Hall,UK,small_business,2024-11-14
316,Steven Schaefer,US,consumer,2024-07-31
317,Anthony Fields,US,small_business,2026-04-18
318,Richard Mills,DE,consumer,2025-12-10
319,Timothy Shannon,IN,small_business,2025-01-23
320,Alexis Green,DE,consumer,2024-09-05
321,Christina Moore,IN,consumer,2024-12-31
322,James Burke,CA,small_business,2025-03-11
323,Lydia Schwartz,UK,enterprise,2025-04-21
324,Kimberly Kennedy,UK,consumer,2025-11-29
325,Shannon Kim,DE,consumer,2025-08-17
326,Stephen Mccormick,US,small_business,2026-01-14
327,Angela Bartlett,US,small_business,2025-05-01
328,Brian Howell,UK,small_business,2024-10-21
329,Charles Johnson,UK,small_business,2024-11-03
330,Mason Williams,UK,small_business,2024-08-02
331,Andrea Garza,US,consumer,2024-08-22
332,Troy Ferguson,DE,small_business,2025-04-09
333,Sean Rocha,UK,enterprise,2025-11-28
334,Daniel Rodriguez,UK,consumer,2025-04-25
335,Susan Molina,US,small_business,2024-07-27
336,Lynn Mitchell,UK,enterprise,2024-09-06
337,Ricky Lucas,DE,enterprise,2024-09-16
338,Jeff Smith,CA,consumer,2025-02-14
339,Amber Wolf,DE,consumer,2025-01-16
340,Lindsay Alvarez,CA,small_business,2025-03-07
341,Amanda Gutierrez,CA,small_business,2025-02-09
342,Annette Harrison,UK,enterprise,2025-06-05
343,Claire Atkins,CA,small_business,2024-08-07
344,Donna Graham,DE,consumer,2024-09-09
345,Philip Levine,US,small_business,2025-08-11
346,Brendan Neal,IN,small_business,2024-07-04
347,Johnny Reed,UK,small_business,2026-04-03
348,Laura Moore,CA,consumer,2026-04-08
349,Michael Jimenez,US,consumer,2026-03-26
350,Pamela Henry,US,small_business,2024-09-24
351,Ashley Murphy,UK,small_business,2025-12-24
352,James Zamora,DE,consumer,2024-09-12
353,Matthew Watson,IN,consumer,2024-09-05
354,Steven Mason,US,small_business,2025-02-21
355,Miss Terry Martinez,IN,consumer,2025-04-21
356,Nicole Lucas,CA,small_business,2025-10-05
357,Kelly Parrish,US,enterprise,2025-03-28
358,Natalie Jackson,UK,small_business,2025-06-15
359,Dawn Hall,US,consumer,2025-06-06
360,Stephen Young,CA,enterprise,2025-03-17
361,Paul Serrano,UK,small_business,2024-11-26
362,Christopher Wright,DE,consumer,2025-10-23
363,Hannah Young,DE,consumer,2025-03-11
364,Troy Cooley,IN,consumer,2024-11-25
365,Ashley Cruz,CA,enterprise,2024-11-05
366,Morgan Graham,UK,enterprise,2024-10-24
367,Thomas Campbell,UK,small_business,2024-11-30
368,Andrew Ross,IN,small_business,2026-05-19
369,Daniel Pollard,DE,consumer,2026-03-07
370,Charles Munoz,DE,enterprise,2025-02-16
371,David Farrell,US,consumer,2025-05-11
372,Nicole Fisher,CA,enterprise,2025-12-27
373,Marissa Rich,CA,enterprise,2024-12-25
374,Sarah Frazier,CA,enterprise,2025-11-11
375,Jeffrey Green,US,consumer,2025-11-11
376,Jason Patton,US,consumer,2025-12-27
377,Brooke Atkinson,UK,small_business,2026-01-05
378,Marc Ortiz,US,enterprise,2025-07-10
379,Shelley Kline,IN,enterprise,2025-12-07
380,Jasmine Burns,US,small_business,2025-03-12
381,Joshua Martin,UK,small_business,2024-09-21
382,Christina Bailey,IN,enterprise,2026-02-28
383,Kimberly Love,DE,small_business,2026-04-20
384,Ricky Wood,DE,small_business,2025-08-02
385,Travis Clark,IN,small_business,2025-03-24
386,Jose Cantu,DE,small_business,2025-12-14
387,Mrs. Amy Hill,DE,enterprise,2026-01-18
388,Benjamin Sexton,DE,small_business,2025-05-07
389,Heather Baker,UK,consumer,2025-11-01
390,James Mckay,CA,consumer,2024-12-22
391,Tonya Murray MD,US,small_business,2024-12-18
392,Robert Lee,DE,consumer,2026-02-24
393,Courtney Maynard,DE,enterprise,2025-11-11
394,Sandra Pope,UK,enterprise,2025-04-01
395,Edward Kelley,IN,small_business,2025-05-18
396,Julie Bowers,DE,consumer,2024-10-06
397,James King,UK,small_business,2024-12-26
398,Karen Trujillo,US,consumer,2025-05-27
399,David Turner,IN,small_business,2026-03-13
400,Mr. Bradley Prince,IN,consumer,2025-07-08
401,Sarah Brown,US,enterprise,2024-10-27
402,Erika Bender,US,enterprise,2026-04-05
403,Madeline Smith,DE,small_business,2025-08-17
404,Benjamin Carter,UK,enterprise,2024-07-09
405,Charles Hall,UK,enterprise,2025-10-16
406,Richard Clark,DE,consumer,2026-02-23
407,Carol Vance,UK,enterprise,2025-05-09
408,Ann Valenzuela,US,small_business,2025-10-16
409,Sara Gonzalez,US,enterprise,2025-08-31
410,Blake Combs,US,small_business,2025-12-21
411,Kristen Baker,CA,consumer,2025-12-04
412,Kara Grant,DE,enterprise,2024-12-29
413,Charles Henry,DE,small_business,2025-07-12
414,Kyle Navarro,DE,consumer,2025-07-22
415,Julie Hart,CA,consumer,2024-11-02
416,John Simmons,UK,consumer,2025-11-29
417,Mark Fields,IN,small_business,2025-12-08
418,Angel Doyle,CA,enterprise,2024-07-23
419,Anna Washington,CA,enterprise,2025-03-14
420,Amanda Robbins,IN,small_business,2026-02-09
421,Brandon Hopkins,US,enterprise,2025-10-29
422,Joseph Townsend,CA,enterprise,2025-03-23
423,Glenn King,IN,small_business,2024-12-11
424,Eileen Carey,IN,enterprise,2024-08-10
425,William Salas,UK,small_business,2025-05-10
426,Mary Conner,IN,enterprise,2025-03-25
427,Micheal Anderson,US,enterprise,2025-03-15
428,Zachary Ross,DE,enterprise,2025-11-06
429,Kimberly Williams,CA,small_business,2025-09-04
430,Anthony Short,CA,small_business,2025-02-19
431,Mary Mccormick,UK,consumer,2025-07-04
432,Lisa Sims,CA,small_business,2025-08-27
433,Sherri Miller,UK,enterprise,2025-12-23
434,Judith Farmer,CA,enterprise,2024-07-31
435,Sheila Fisher,US,small_business,2024-09-17
436,Mary Wood,IN,consumer,2024-09-17
437,Eric Mckinney,IN,enterprise,2026-03-31
438,Javier Flores,UK,consumer,2026-05-01
439,Laura Sloan,DE,consumer,2025-05-31
440,Amanda Wilson,DE,small_business,2025-07-22
441,Michael Sullivan,DE,small_business,2026-03-22
442,James Vargas,DE,consumer,2024-08-22
443,Mrs. Jennifer Garcia,CA,small_business,2025-11-25
444,Steven Sims,US,enterprise,2025-11-13
445,Michael Martinez,US,consumer,2025-05-28
446,Sean Anderson,CA,small_business,2026-04-28
447,Keith Hayes,DE,enterprise,2024-07-14
448,Anthony Schroeder,CA,small_business,2026-01-30
449,Brianna Malone,CA,small_business,2026-01-06
450,Michelle Murray,UK,small_business,2025-02-13
451,Vincent Love,DE,small_business,2026-05-23
452,Stephen Parks,DE,small_business,2024-07-09
453,Eric Blair,DE,small_business,2025-10-24
454,Sandy Lynch,IN,small_business,2024-11-06
455,Kenneth Gonzales,US,small_business,2025-03-03
456,Vincent Wilson,IN,small_business,2025-12-08
457,Robert Woods,US,consumer,2025-11-13
458,Theresa Mueller,DE,small_business,2026-02-25
459,Douglas Howell,IN,enterprise,2025-09-14
460,Samantha Rivera,CA,enterprise,2025-11-18
461,Alexis Hernandez,UK,small_business,2025-10-14
462,Jeffrey Beasley,US,small_business,2026-04-08
463,James Wise,IN,small_business,2025-04-19
464,Diane Smith,UK,enterprise,2024-12-30
465,Christopher Knapp,US,consumer,2025-01-21
466,Amanda Whitaker,CA,small_business,2026-02-13
467,Wendy Thomas,US,consumer,2026-03-23
468,Kimberly Waters,CA,small_business,2026-04-23
469,Bradley Spencer,IN,enterprise,2025-07-24
470,Richard Bowen,US,enterprise,2026-03-12
471,Anthony Foster,IN,consumer,2024-12-29
472,David Potter,UK,small_business,2026-01-02
473,Joshua Herrera,IN,consumer,2026-03-07
474,Crystal Riley,US,small_business,2025-04-02
475,Roy Morris,CA,small_business,2026-05-28
476,Chelsea Lee,IN,consumer,2025-07-29
477,Donna Lane,IN,consumer,2024-11-18
478,Joseph Hernandez,UK,small_business,2025-04-05
479,Katherine Delacruz,CA,consumer,2024-08-04
480,Rachel Moore,DE,consumer,2025-04-15
481,Douglas Lawson,UK,small_business,2025-10-07
482,William Cline,CA,consumer,2024-09-12
483,Cindy Schaefer,US,enterprise,2025-07-13
484,Travis Saunders,IN,consumer,2025-02-03
485,Bonnie Anthony,UK,consumer,2026-03-29
486,Christopher Miller,CA,small_business,2025-03-21
487,Jacob Thornton,US,enterprise,2024-08-09
488,Susan Brown,CA,small_business,2025-07-14
489,Tammy Mccarthy,DE,enterprise,2025-10-08
490,Justin Davidson,UK,enterprise,2024-09-08
491,Catherine Atkinson,US,consumer,2025-12-03
492,Wendy Walker,CA,enterprise,2025-04-15
493,Teresa Brown,CA,enterprise,2024-07-31
494,Sara Williams,US,consumer,2025-09-03
495,Nancy Gill,UK,small_business,2026-03-03
496,Charles Fischer,DE,consumer,2025-07-11
497,Elizabeth Vargas,UK,small_business,2024-12-02
498,Julie Watson,UK,enterprise,2026-02-09
499,John Jackson,US,enterprise,2025-04-29
500,Suzanne Mcclain,US,enterprise,2025-01-02
501,Chloe Johnson,CA,enterprise,2025-06-29
502,Timothy Delacruz,CA,consumer,2026-04-08
503,Paula Rubio,UK,enterprise,2026-05-22
504,Lori Chavez,UK,enterprise,2025-04-26
505,David Wilson,US,consumer,2025-03-21
506,Daniel Brown,DE,enterprise,2025-04-11
507,Steve Gonzales,CA,consumer,2026-01-06
508,Jason Moore,CA,consumer,2024-10-25
509,Elizabeth Brock,US,consumer,2025-01-27
510,Evan Leach Jr.,US,enterprise,2025-01-19
511,Steven Barnett,CA,consumer,2025-08-03
512,Sara Wilson,UK,small_business,2024-12-12
513,Jackson Ritter,CA,small_business,2026-02-07
514,Anne Roberts,UK,consumer,2025-01-02
515,Ronnie Good,US,enterprise,2026-05-28
516,Alexis Roman,UK,enterprise,2024-10-21
517,Jessica Clarke,US,small_business,2025-03-22
518,Ian Williams,DE,consumer,2025-08-14
519,Kenneth Taylor,UK,consumer,2025-05-14
520,Crystal Thompson,US,small_business,2024-11-17
521,Brandon Franklin,US,consumer,2025-10-10
522,Casey Taylor,US,consumer,2025-07-20
523,Robin Aguilar,CA,small_business,2025-12-03
524,Michael Stone,UK,enterprise,2024-12-05
525,Amy Cochran,US,enterprise,2026-04-15
526,Mark Dougherty,CA,small_business,2025-03-18
527,Thomas Woods,DE,consumer,2024-09-09
528,Danielle Hart,US,enterprise,2026-05-09
529,Michael Andrews,IN,enterprise,2025-04-12
530,Joseph Griffin,US,consumer,2026-04-28
531,Howard Sanchez,US,small_business,2025-08-05
532,Erica Dawson,US,enterprise,2026-04-06
533,Stephanie Carter,UK,enterprise,2025-04-23
534,Kathleen Palmer,DE,consumer,2024-09-22
535,Brandy Sanchez,UK,small_business,2025-08-17
536,Clarence Garcia,DE,small_business,2024-09-07
537,Tina Smith,IN,small_business,2025-01-11
538,Deborah Hood,DE,small_business,2025-12-25
539,Kelly Park,US,enterprise,2025-11-07
540,Brandon White,DE,enterprise,2024-09-18
541,Johnny Mason,DE,enterprise,2025-01-29
542,Bryan Wilkerson,US,small_business,2025-02-03
543,Shannon Thomas,UK,small_business,2025-08-25
544,James Vaughan,CA,enterprise,2025-09-18
545,Jasmine Fisher,DE,small_business,2024-07-15
546,Amanda Waller,IN,small_business,2026-04-14
547,Gina Allen,DE,enterprise,2024-08-10
548,Sarah Elliott,DE,consumer,2025-03-18
549,Sarah Brown,US,consumer,2025-03-07
550,Michael Gomez,CA,consumer,2025-08-06
551,Mark Diaz,US,small_business,2026-05-08
552,Frederick Gonzalez,IN,enterprise,2025-08-17
553,Charles Booker,IN,small_business,2025-12-02
554,Jordan Williams DVM,US,small_business,2026-02-24
555,Sean Oliver,IN,consumer,2026-05-19
556,Lori Drake,UK,consumer,2025-12-09
557,Danielle Meyer,IN,enterprise,2024-07-28
558,Andrew Rodriguez,IN,consumer,2025-06-02
559,Barbara Wheeler,IN,enterprise,2025-03-27
560,Angela Garza,IN,consumer,2025-08-04
561,Jorge Mcclure,US,small_business,2024-10-24
562,Denise Fitzgerald,CA,small_business,2025-05-12
563,Sara Bishop,IN,small_business,2026-01-27
564,James Dunn,US,small_business,2025-09-16
565,Joshua Salazar,DE,small_business,2025-04-11
566,Amanda Cook,UK,consumer,2025-06-30
567,Janet Willis,UK,consumer,2024-11-24
568,Carla Crane,CA,enterprise,2024-07-10
569,Katherine Mitchell,US,enterprise,2025-03-09
570,Raymond Moore,IN,small_business,2024-12-15
571,Hannah Sandoval,US,consumer,2024-08-21
572,Jeremiah Moss,IN,small_business,2025-08-06
573,Virginia Byrd,UK,consumer,2024-09-23
574,Michael Taylor,IN,small_business,2024-10-29
575,Sarah Nicholson,US,consumer,2024-12-05
576,Scott Weeks,CA,small_business,2025-08-07
577,Mark Chen,UK,consumer,2025-07-05
578,Seth Smith,DE,consumer,2025-12-29
579,Autumn Sanders,UK,enterprise,2026-02-15
580,Samuel Ramirez,IN,small_business,2025-09-18
581,Jamie Chavez,IN,small_business,2025-10-26
582,Harold Gomez,IN,small_business,2025-06-21
583,Janice Morris,UK,enterprise,2025-08-13
584,Wanda James,DE,enterprise,2026-03-04
585,Eric Thomas,DE,enterprise,2025-02-19
586,David Underwood,CA,small_business,2025-09-20
587,Ryan Massey,CA,enterprise,2025-03-14
588,Jeffery Lozano,US,consumer,2025-03-11
589,David Huang,IN,small_business,2024-07-09
590,Patricia Ryan,UK,consumer,2025-02-18
591,Kelly Jennings,US,small_business,2025-06-05
592,Andrew Lowe,IN,enterprise,2025-04-29
593,Megan Fox,US,enterprise,2025-06-17
594,Jonathan Wong,CA,small_business,2024-09-15
595,Cole Fisher,CA,consumer,2025-09-19
596,Marcus Ferrell,DE,enterprise,2025-05-08
597,Nicole Davis,IN,small_business,2025-03-24
598,William Mckenzie,CA,small_business,2025-04-08
599,Matthew Phillips,IN,small_business,2025-08-03
600,Wanda Beasley,CA,enterprise,2025-03-24
601,Kelly Cabrera,CA,small_business,2025-05-23
602,Chelsea White,UK,consumer,2024-12-09
603,Ashley Hudson,UK,consumer,2025-11-02
604,Amanda Jenkins,CA,small_business,2025-11-03
605,Michael Tran,US,small_business,2026-03-04
606,Brett Smith,US,consumer,2025-02-22
607,Jonathan Tran,IN,enterprise,2024-07-23
608,Stephanie Robertson,US,small_business,2025-01-23
609,Jennifer Martinez,DE,enterprise,2024-10-20
610,Katrina Johnson,IN,small_business,2024-10-30
611,Joseph Morrow,DE,consumer,2024-08-29
612,Robert Santos,US,small_business,2025-10-20
613,Erica Baldwin,DE,consumer,2025-12-14
614,Andrew Fuller,DE,consumer,2025-04-01
615,Lauren Bailey,UK,small_business,2026-04-29
616,Alicia Robinson,US,consumer,2025-06-15
617,Tina Gonzales,US,small_business,2025-05-04
618,Daniel Moore,DE,small_business,2025-10-25
619,Emily Nolan,DE,consumer,2025-09-29
620,Jason King,IN,enterprise,2026-03-26
621,Travis Sanchez MD,UK,enterprise,2026-05-20
622,Jennifer Ross,CA,enterprise,2026-01-10
623,Dr. David Thompson,IN,enterprise,2026-01-04
624,Adam Khan,CA,enterprise,2025-04-05
625,Ashley Ferguson,US,consumer,2025-05-04
626,Matthew Ali,IN,consumer,2025-04-26
627,Heather Sanchez,DE,consumer,2025-05-24
628,Gregory Graham,UK,consumer,2024-11-26
629,Gloria Moore,IN,small_business,2025-02-02
630,Craig Gardner,UK,consumer,2025-12-31
631,Jeremy Huff,UK,small_business,2026-03-04
632,Jacob Robinson,CA,consumer,2026-03-18
633,Tyler Clark,IN,small_business,2025-05-11
634,Crystal Chavez,DE,small_business,2025-07-05
635,Yolanda Carlson,IN,enterprise,2024-10-10
636,Isabel Sanchez,CA,small_business,2025-06-08
637,Beth Christensen,UK,enterprise,2025-10-16
638,Kimberly Nelson,IN,enterprise,2025-12-09
639,Alyssa Higgins,IN,small_business,2026-02-20
640,James Miller,DE,small_business,2024-10-21
641,Crystal Lopez,US,small_business,2024-11-15
642,Justin Ward,CA,small_business,2026-05-24
643,Cheryl Higgins,UK,enterprise,2025-07-24
644,Cameron Moran,US,enterprise,2024-09-07
645,Ryan Marshall,IN,small_business,2025-02-05
646,Shannon Anderson,US,enterprise,2025-10-31
647,Jacob Lloyd,CA,small_business,2025-01-31
648,Jason Hopkins,IN,small_business,2025-12-19
649,Zachary Morales,DE,enterprise,2025-12-26
650,Eddie Nelson,DE,consumer,2025-11-01
651,Michelle Williams,DE,consumer,2025-10-16
652,Jessica Sherman,IN,small_business,2024-08-01
653,Andrew Collins,IN,consumer,2024-10-30
654,Kristy Perez,UK,consumer,2025-11-08
655,Dawn Graham,CA,enterprise,2025-07-22
656,Taylor Rodriguez,IN,consumer,2025-12-14
657,Donna Williams,CA,enterprise,2026-02-14
658,Melissa Mccann,IN,small_business,2026-04-25
659,Rick Clark,US,consumer,2025-12-12
660,Angelica Neal,IN,consumer,2025-03-26
661,Miss Connie Rose MD,US,small_business,2025-05-02
662,Gerald Gordon,CA,consumer,2025-05-26
663,Lori Chavez,UK,consumer,2025-12-17
664,Christine Nunez,DE,enterprise,2024-08-12
665,Bethany Gill,DE,small_business,2026-04-19
666,Samantha Hansen,IN,enterprise,2024-08-03
667,Tracy Walsh,CA,enterprise,2024-11-13
668,Victor Jackson,CA,consumer,2025-08-27
669,Dakota Collins,CA,small_business,2025-03-27
670,Katelyn Webb,UK,enterprise,2024-10-15
671,Jose Wallace,IN,consumer,2025-12-31
672,Edwin Wilkerson,CA,consumer,2025-11-10
673,Cynthia Soto,CA,consumer,2024-10-19
674,Paige Jackson,CA,enterprise,2024-09-30
675,William Franco,IN,consumer,2025-11-30
676,Ashley Roberts,CA,enterprise,2025-05-12
677,Mr. Steven Torres,UK,small_business,2025-04-06
678,Jo Rodriguez,IN,small_business,2024-09-24
679,Keith Roberts,IN,consumer,2025-03-10
680,Adam Gay,IN,small_business,2025-09-07
681,Dr. Gary Stevenson,UK,consumer,2026-02-03
682,John Hamilton,UK,small_business,2025-01-22
683,Erica Howard,US,enterprise,2024-11-25
684,Lori Mcconnell,UK,enterprise,2024-09-09
685,Marissa Miller,UK,consumer,2025-11-19
686,Raymond Franco,DE,enterprise,2026-02-01
687,Victor Fox,IN,small_business,2025-02-16
688,Caroline Mueller,UK,enterprise,2026-05-27
689,Luis Gray,IN,small_business,2026-04-06
690,Erica Richardson,US,consumer,2025-11-15
691,Sara King,UK,small_business,2025-09-02
692,Keith Fuller,US,small_business,2024-08-14
693,Mrs. Amber Robinson MD,CA,enterprise,2026-03-29
694,Elijah Perkins,IN,consumer,2026-01-19
695,Darren Taylor,DE,consumer,2024-09-01
696,Ann Williams,IN,small_business,2025-11-07
697,Daniel Watson,UK,small_business,2025-06-07
698,Savannah Buchanan,IN,enterprise,2024-07-25
699,Benjamin Brown,IN,consumer,2025-05-27
700,George Gonzales,DE,consumer,2026-01-04
701,Casey Hardy,US,consumer,2025-11-30
702,Jeremy Elliott,IN,consumer,2025-04-21
703,Julie Daniels,IN,small_business,2025-03-28
704,Wesley Kerr,UK,enterprise,2025-08-06
705,James Lynch,CA,small_business,2026-05-04
706,Amy Rhodes,US,consumer,2024-09-02
707,Krystal Fisher,CA,consumer,2025-10-17
708,Mr. Edwin Cooper,CA,small_business,2025-04-13
709,Sarah Walker,IN,consumer,2026-05-19
710,Bradley Guerrero,DE,consumer,2026-01-26
711,Terri Ward,IN,consumer,2025-04-15
712,Jennifer Wilson,CA,small_business,2025-01-03
713,Christina Brady,UK,small_business,2024-11-18
714,Dawn Davis,IN,enterprise,2024-12-19
715,Michelle Perez,DE,enterprise,2025-08-17
716,Kenneth Rodriguez,US,consumer,2025-06-21
717,Latasha York,IN,consumer,2025-08-03
718,Jeffrey Boyer,UK,consumer,2025-12-10
719,Sara Vaughan,UK,consumer,2025-09-01
720,Mikayla Garcia DVM,DE,enterprise,2025-10-30
721,Tracy Lee,IN,small_business,2025-05-01
722,Breanna Parsons,IN,consumer,2025-07-05
723,Anthony Williams,CA,small_business,2024-08-14
724,Christy Evans,DE,small_business,2025-12-28
725,Terry Miller,IN,consumer,2026-01-01
726,Brian Chandler,CA,enterprise,2026-05-09
727,Patrick Peterson,DE,enterprise,2025-04-02
728,Alexandra Scott,CA,enterprise,2026-02-14
729,Omar Gould,CA,consumer,2025-01-02
730,Robert Gomez MD,IN,small_business,2026-01-12
731,Ashley Schaefer,UK,enterprise,2025-03-12
732,Hector Benson,DE,consumer,2025-12-07
733,Lauren Wilson,DE,enterprise,2024-07-17
734,Benjamin Green Jr.,US,consumer,2024-07-17
735,Mckenzie Huff,US,enterprise,2025-02-11
736,Kimberly Norris,IN,small_business,2025-09-30
737,Jeremy Johnson,UK,small_business,2026-03-20
738,Mr. Andres Hood,IN,consumer,2024-10-26
739,Robert Frazier,IN,small_business,2024-08-27
740,Tracy Schwartz,IN,consumer,2025-05-01
741,Shane Bishop,DE,consumer,2025-06-14
742,Joseph Collins,CA,small_business,2024-08-28
743,Amanda Jackson,DE,small_business,2024-10-10
744,Erin Mcdonald,UK,enterprise,2025-04-07
745,George Webb,IN,small_business,2025-04-01
746,Joe Downs,IN,enterprise,2024-12-24
747,Monica Thomas,UK,enterprise,2024-08-05
748,Jonathan Baker,UK,small_business,2025-04-25
749,Lauren Taylor,IN,consumer,2025-09-15
750,Justin Wise,UK,enterprise,2025-12-25
751,Jeffery Armstrong,CA,small_business,2026-05-09
752,Douglas Pope,CA,enterprise,2024-09-15
753,Brenda Jones,CA,consumer,2026-05-09
754,Jack Castaneda,UK,enterprise,2026-02-13
755,Juan Sullivan,UK,small_business,2025-01-07
756,Megan Stephenson,US,consumer,2024-08-16
757,Mr. David Young,US,consumer,2026-02-28
758,Daniel Oneal,DE,enterprise,2025-03-29
759,Jeremy Carroll,US,consumer,2025-12-04
760,Laurie Thomas,UK,consumer,2025-02-20
761,Nicholas Arnold,IN,enterprise,2026-01-11
762,Connor Middleton,IN,small_business,2025-03-22
763,Kevin Archer,CA,small_business,2025-09-28
764,Melissa Griffith,CA,enterprise,2025-04-04
765,Emma Thompson,IN,small_business,2024-08-22
766,Alexander Martin,CA,small_business,2026-05-29
767,Alejandro Williams,DE,small_business,2025-01-25
768,Larry Shields,US,small_business,2025-06-13
769,David Brown,US,enterprise,2025-11-16
770,Angela Pacheco,IN,enterprise,2024-10-09
771,Michelle Smith,CA,enterprise,2026-05-12
772,Sheri Bowman,DE,enterprise,2025-01-27
773,Gabriel Curry,US,enterprise,2024-07-22
774,Mr. Robert Thompson,US,enterprise,2025-11-17
775,Angel Sims,UK,enterprise,2026-05-02
776,Victoria Ross,UK,enterprise,2025-03-17
777,Allison Stewart,UK,small_business,2025-06-25
778,Mrs. Lisa Ramsey,DE,enterprise,2025-11-21
779,Albert Clark,DE,enterprise,2025-03-13
780,Ann Cervantes,US,enterprise,2025-08-16
781,Michael Glenn,IN,consumer,2025-05-25
782,Lindsay Rivera,US,enterprise,2024-10-28
783,Robin Woods,IN,small_business,2026-01-27
784,Ellen Barton,DE,enterprise,2024-07-25
785,Donald Mills,UK,enterprise,2025-12-31
786,Adam Alvarez,CA,small_business,2025-01-29
787,Vanessa Hernandez,DE,consumer,2025-11-22
788,Peter Davis,DE,enterprise,2025-11-01
789,Barbara Daniels,IN,consumer,2024-07-22
790,Catherine Case,DE,enterprise,2024-12-07
791,Stephanie Pitts,US,small_business,2025-04-10
792,Carla Johnson,IN,consumer,2026-04-26
793,Jessica Heath,CA,small_business,2026-02-25
794,Hailey Mcbride,CA,enterprise,2024-12-13
795,Richard Johnson,CA,small_business,2025-06-23
796,Ana Brewer,UK,consumer,2025-11-25
797,Heather Perez,UK,consumer,2025-05-09
798,Thomas Duffy,IN,enterprise,2025-04-19
799,Amanda Smith,CA,small_business,2025-10-31
800,David Harris,US,consumer,2026-01-02
801,Donald Suarez,UK,enterprise,2026-02-10
802,Keith Moore,US,small_business,2025-07-23
803,Patricia Best,CA,consumer,2026-05-02
804,Diane Rivera,CA,enterprise,2024-10-15
805,Danielle Flores,CA,enterprise,2025-07-13
806,Jody Riley,DE,consumer,2025-10-17
807,Sarah Moss,US,enterprise,2026-05-17
808,Sharon White,IN,enterprise,2024-08-05
809,Timothy Jennings,US,enterprise,2026-05-03
810,William Smith,IN,consumer,2026-03-18
811,Noah Davis,IN,small_business,2025-02-21
812,James Perry,IN,consumer,2024-11-09
813,Michelle Macias,IN,enterprise,2025-11-11
814,David Conner,UK,consumer,2026-05-27
815,Chad Larson,US,consumer,2025-12-18
816,Brian Smith,UK,consumer,2025-09-20
817,Shawn Martinez,IN,small_business,2026-05-26
818,Kelly Smith,IN,consumer,2025-07-14
819,Brittany Rojas,CA,small_business,2024-12-21
820,Kendra Franco DVM,CA,enterprise,2025-07-24
821,Daniel Ponce,US,consumer,2024-08-30
822,Benjamin Padilla,UK,consumer,2026-05-17
823,Benjamin Williams,DE,enterprise,2024-07-12
824,Richard Crane,DE,consumer,2025-07-31
825,Michael Delgado,DE,enterprise,2025-01-24
826,Gary Jenkins,UK,enterprise,2025-08-27
827,Debra Henderson,UK,consumer,2026-05-10
828,William Hughes,UK,enterprise,2025-08-24
829,Regina Villanueva,UK,consumer,2025-04-26
830,Lawrence House,IN,consumer,2025-11-06
831,Monica Ritter,CA,small_business,2025-01-14
832,Brian Cameron,DE,small_business,2026-04-03
833,Mitchell Sullivan,DE,consumer,2026-03-01
834,Matthew Dunn,IN,small_business,2025-09-07
835,Kenneth Wells,CA,consumer,2025-03-03
836,Katrina Vargas,DE,consumer,2025-11-15
837,Mark Paul,IN,consumer,2025-04-22
838,Austin Daugherty,DE,enterprise,2025-04-21
839,Megan Morris,US,enterprise,2025-01-23
840,Mary Bradshaw,IN,small_business,2025-11-01
841,Terry Kennedy,CA,consumer,2026-02-15
842,Kevin Duncan,UK,consumer,2026-01-12
843,Peter Diaz,UK,consumer,2024-10-19
844,Robin Allen,DE,enterprise,2024-12-07
845,Matthew Thompson,CA,consumer,2024-11-11
846,Marissa Lozano,CA,enterprise,2026-04-04
847,Ronnie Meyers,US,consumer,2025-03-08
848,Michael Brooks,UK,small_business,2024-10-04
849,Robert Boyd,CA,small_business,2025-04-10
850,Denise Roberts,DE,enterprise,2025-06-17
851,Joann Mendoza,IN,consumer,2025-06-12
852,Joseph Smith,DE,enterprise,2026-03-13
853,Joseph Young,US,small_business,2024-10-10
854,Rebecca King,DE,enterprise,2025-04-14
855,Kenneth Brown,CA,enterprise,2025-09-06
856,Joshua Stark,UK,enterprise,2024-11-16
857,Roy Davis,IN,enterprise,2025-01-15
858,Brandon Anderson DVM,DE,small_business,2025-11-07
859,Jacqueline Williams,IN,consumer,2025-02-11
860,Andrew Mullins,DE,small_business,2025-06-09
861,Lawrence Scott,US,enterprise,2025-05-13
862,Kenneth Buckley,US,enterprise,2025-01-02
863,Sarah Carpenter,DE,enterprise,2024-11-26
864,Erin Jones,UK,enterprise,2024-08-19
865,James Perry,US,small_business,2026-02-08
866,Allison Watkins,IN,consumer,2025-11-12
867,Meredith Graham,DE,small_business,2025-06-25
868,Austin Sanders,IN,enterprise,2025-07-03
869,Samantha Santiago,DE,consumer,2024-10-14
870,Joshua Frost,CA,consumer,2026-01-27
871,Patricia Carrillo,CA,consumer,2025-02-14
872,Ryan Duncan,US,small_business,2024-09-30
873,Brandon Mullins,UK,enterprise,2024-07-13
874,Roger Gonzalez,CA,consumer,2025-09-12
875,Mr. Michael Butler,US,consumer,2025-03-18
876,Jason Williams,IN,enterprise,2025-09-27
877,George Holmes,UK,enterprise,2025-10-30
878,Joshua Meyer,CA,enterprise,2024-07-05
879,David Trevino,CA,consumer,2024-09-06
880,Stephen Becker,UK,consumer,2025-09-05
881,Sean Pham,IN,consumer,2025-02-24
882,Elizabeth Anderson,US,enterprise,2026-04-27
883,Jacqueline Marshall,DE,small_business,2024-12-09
884,Brenda Arias,DE,consumer,2025-07-15
885,Thomas Hawkins,UK,enterprise,2025-03-23
886,Alejandra Jones,US,small_business,2024-08-09
887,Amanda Robinson,UK,small_business,2025-09-12
888,Michael Lang,IN,small_business,2025-06-07
889,Jennifer Luna,UK,consumer,2025-10-03
890,Amy Hamilton,UK,consumer,2024-12-06
891,Chad Hobbs,US,enterprise,2025-11-09
892,Catherine Nielsen,CA,enterprise,2026-03-25
893,Carly Walker,IN,consumer,2025-09-09
894,Elizabeth Clark,CA,consumer,2026-01-11
895,Richard Espinoza,UK,enterprise,2026-04-13
896,Brandon Mueller,US,consumer,2025-08-05
897,Matthew Scott,DE,consumer,2024-08-09
898,Brittney Brown,DE,small_business,2025-06-09
899,Christopher Griffin,UK,consumer,2025-12-23
900,Kevin Flores,IN,consumer,2026-02-09
901,Emily Scott,CA,enterprise,2025-09-09
902,Brittany Lloyd,DE,enterprise,2025-08-31
903,Andrew James,IN,consumer,2024-12-27
904,Matthew Benson,DE,enterprise,2025-11-10
905,Nicholas Jordan,CA,enterprise,2024-12-01
906,Andrew Bell,DE,small_business,2025-12-10
907,Whitney Ayers,IN,enterprise,2025-11-23
908,John Smith,CA,consumer,2025-08-13
909,Timothy Davis MD,UK,enterprise,2026-02-27
910,Kevin Avila,IN,enterprise,2026-05-03
911,Devin Orozco,IN,enterprise,2024-12-04
912,Lauren Evans,DE,small_business,2026-04-18
913,Tracy Cooper,US,enterprise,2025-09-24
914,Amber Cook,IN,enterprise,2024-10-27
915,Mr. Jackson Rodriguez,US,enterprise,2025-06-15
916,Benjamin Hansen,CA,enterprise,2026-04-08
917,Ashley Martin,US,consumer,2024-09-13
918,Andrew Palmer,UK,consumer,2025-05-02
919,Michael Perry,US,consumer,2024-09-14
920,James Alvarado,IN,consumer,2026-04-12
921,Matthew Davis,CA,consumer,2024-11-05
922,Shelley Castillo,DE,consumer,2024-07-04
923,Brian Allen,UK,small_business,2024-10-24
924,Joshua Wilson MD,IN,consumer,2024-10-27
925,Amanda Scott,CA,small_business,2024-11-05
926,Justin Travis,UK,consumer,2024-12-01
927,Kimberly Allen,UK,enterprise,2025-01-03
928,Tony Freeman,US,consumer,2024-09-12
929,Christine Manning,US,enterprise,2026-03-07
930,Brittany Baker,UK,enterprise,2024-09-06
931,Marcus Rodriguez,CA,enterprise,2024-07-25
932,Angela Lane,UK,enterprise,2025-09-16
933,Reginald Palmer,IN,small_business,2024-12-29
934,David Greene,DE,small_business,2026-03-29
935,Luke Holt,CA,enterprise,2024-09-15
936,Bradley Malone,US,enterprise,2026-03-25
937,Alexandra Bentley,CA,small_business,2025-10-03
938,Amanda Kramer,DE,consumer,2025-05-16
939,Meghan Hernandez,CA,small_business,2024-10-24
940,Christina Buckley,DE,consumer,2025-03-25
941,William Osborn,UK,small_business,2025-12-15
942,Amanda Fox,CA,consumer,2026-03-07
943,Nicole Fields,UK,small_business,2025-03-14
944,Amber Diaz,UK,consumer,2024-12-02
945,Mitchell Bailey,UK,consumer,2025-05-16
946,Katherine Ingram,DE,small_business,2024-11-04
947,Ronald Giles,UK,consumer,2025-07-21
948,Sandra Pham,DE,enterprise,2024-08-10
949,James Bowman,DE,consumer,2025-10-02
950,Nicole Watkins,CA,small_business,2026-05-08
951,Audrey Schmitt,CA,small_business,2025-11-21
952,Nicole Abbott,IN,small_business,2026-03-04
953,Jimmy Young,IN,small_business,2025-01-03
954,Taylor Preston,DE,enterprise,2025-07-18
955,Richard Leon,US,enterprise,2024-08-08
956,Grace Gray,IN,enterprise,2025-12-13
957,Michael Conner,IN,enterprise,2024-09-06
958,Sara Mcguire,UK,consumer,2025-11-28
959,Larry Tapia,IN,consumer,2024-07-04
960,Jennifer Jacobs,IN,enterprise,2026-05-14
961,Joshua Miller,CA,small_business,2025-06-21
962,Lisa Carter,DE,consumer,2025-05-02
963,Chelsea Preston MD,US,consumer,2024-09-07
964,Barbara Vega,IN,consumer,2025-08-23
965,Steven Price,CA,consumer,2024-08-02
966,Heidi Walker,DE,small_business,2025-03-16
967,Sonia Horne,IN,consumer,2026-05-23
968,Dr. Jonathon Hinton Jr.,DE,small_business,2025-02-25
969,Jeanne Smith,IN,enterprise,2026-04-07
970,Tony Gibson,UK,enterprise,2026-04-24
971,Nancy Lowe,US,small_business,2026-03-21
972,Nicole Wade,US,consumer,2025-09-03
973,Stephanie Estrada,CA,small_business,2024-10-13
974,Erin Adams,CA,enterprise,2024-08-28
975,Matthew Welch,US,enterprise,2025-02-15
976,Rhonda Brown,IN,consumer,2025-04-18
977,Mr. William Brown PhD,IN,small_business,2025-11-21
978,James Collins,US,consumer,2025-12-13
979,Monica Brady,CA,consumer,2025-08-03
980,Karen Smith,US,enterprise,2024-07-28
981,Cody Hardin,CA,small_business,2026-05-24
982,James Burgess,UK,consumer,2025-07-30
983,Miss Dana Mejia,IN,enterprise,2025-11-11
984,William Banks,US,enterprise,2024-07-21
985,Margaret Vasquez,UK,consumer,2026-03-18
986,Steven Nguyen,UK,consumer,2026-01-03
987,Samantha Leon,IN,consumer,2026-04-09
988,Christina Aguirre,CA,small_business,2025-03-27
989,Oscar Jackson,UK,enterprise,2024-08-17
990,Laurie Mata,IN,small_business,2025-02-28
991,Tonya Lopez,CA,small_business,2026-02-24
992,Karen Oliver,IN,consumer,2025-02-26
993,Michael Cox,IN,enterprise,2025-06-06
994,Victor Adams,US,small_business,2025-03-06
995,Lisa Mason,UK,consumer,2024-12-06
996,Peggy Edwards,DE,small_business,2025-05-14
997,Joseph Stanley,US,consumer,2024-10-27
998,Nicole Hill,UK,consumer,2026-04-20
999,Jennifer Shepherd,IN,consumer,2025-04-08
1000,Debbie Wise,DE,small_business,2026-04-23
