order_id,customer_id,order_date,amount,status
1,1,2025-07-25,18.06,completed
2,2,2026-04-07,27.28,completed
3,2,2026-06-10,30.52,completed
4,3,2025-11-20,40.64,completed
5,4,2026-05-24,36.04,completed
6,4,2026-04-15,28.05,completed
7,5,2026-02-18,43.77,completed
8,5,2025-11-02,26.64,completed
9,6,2025-08-07,24.82,completed
10,6,2025-09-16,134.25,refunded
11,7,2026-03-12,65.13,completed
12,8,2025-09-24,81.62,completed
13,8,2026-04-09,35.83,completed
14,8,2025-09-04,124.09,completed
15,8,2026-05-03,30.22,completed
16,9,2026-04-08,40.08,completed
17,9,2026-04-08,34.64,completed
18,11,2025-10-02,46.79,completed
19,11,2025-09-03,87.54,completed
20,11,2026-06-12,92.75,completed
21,11,2026-06-14,98.37,completed
22,17,2025-08-13,94.97,completed
23,17,2026-03-22,56.81,completed
24,18,2026-03-23,45.05,completed
25,18,2026-03-30,60.36,completed
26,18,2026-05-10,237.36,completed
27,18,2026-03-23,52.87,cancelled
28,19,2026-05-27,147.19,refunded
29,20,2025-10-28,51.71,completed
30,21,2026-05-31,32.3,completed
31,21,2025-08-31,97.08,completed
32,22,2026-01-19,45.95,completed
33,22,2025-09-20,34.68,completed
34,22,2026-02-24,84.02,completed
35,22,2026-02-28,73.02,completed
36,23,2026-02-08,27.35,completed
37,23,2025-12-14,33.2,completed
38,23,2025-12-29,224.75,completed
39,23,2026-03-22,17.14,completed
40,23,2026-03-30,23.24,completed
41,23,2025-10-02,97.72,completed
42,23,2025-09-11,48.63,completed
43,23,2025-12-14,87.06,completed
44,24,2025-11-19,51.47,completed
45,25,2026-03-02,55.28,completed
46,25,2025-11-10,28.6,completed
47,26,2026-02-05,12.66,completed
48,26,2025-09-12,38.72,completed
49,26,2025-08-18,43.02,cancelled
50,26,2025-10-23,26.71,completed
51,27,2026-06-18,42.81,completed
52,28,2026-02-26,55.46,cancelled
53,28,2026-02-09,86.42,completed
54,30,2026-04-18,14.53,completed
55,30,2026-04-16,27.99,completed
56,30,2026-05-05,50.2,completed
57,30,2026-05-11,63.61,completed
58,32,2026-03-14,72.49,completed
59,34,2026-06-08,46.47,completed
60,34,2026-06-05,123.46,completed
61,35,2025-09-05,121.67,completed
62,35,2026-06-06,72.62,completed
63,35,2025-11-28,42.81,cancelled
64,35,2025-12-13,38.27,completed
65,35,2026-01-12,27.3,completed
66,35,2025-11-05,54.91,completed
67,35,2025-08-15,19.39,completed
68,35,2025-12-01,40.19,completed
69,36,2026-05-02,44.84,cancelled
70,36,2025-09-15,27.67,completed
71,36,2026-03-20,96.98,completed
72,36,2025-09-10,84.74,completed
73,36,2026-06-17,140.04,completed
74,36,2026-06-20,65.86,completed
75,36,2026-05-23,45.29,completed
76,36,2026-04-12,57.4,completed
77,37,2026-04-01,19.42,completed
78,37,2026-02-28,39.59,completed
79,37,2025-10-14,21.68,completed
80,37,2026-01-12,41.77,completed
81,37,2025-10-10,17.28,completed
82,37,2026-04-17,23.32,completed
83,37,2026-06-10,29.53,completed
84,37,2026-06-28,56.66,completed
85,38,2025-07-09,41.53,completed
86,38,2026-02-16,143.66,completed
87,38,2025-10-16,81.66,completed
88,38,2026-05-05,119.43,completed
89,38,2026-06-26,39.55,completed
90,38,2026-01-18,53.62,completed
91,38,2025-09-11,46.46,completed
92,38,2025-12-17,86.73,refunded
93,39,2026-01-18,19.8,completed
94,40,2025-07-27,95.83,refunded
95,41,2026-01-08,99.32,completed
96,42,2026-02-16,43.01,completed
97,42,2026-04-10,44.85,completed
98,43,2026-05-31,23.64,completed
99,44,2026-01-28,19.66,completed
100,45,2026-03-07,45.03,completed
101,45,2025-12-26,44.31,completed
102,45,2026-01-17,86.97,completed
103,45,2026-06-22,45.66,completed
104,45,2026-02-16,17.94,completed
105,45,2026-04-08,55.2,completed
106,45,2026-01-06,36.92,completed
107,45,2026-01-30,50.51,completed
108,46,2025-11-05,84.61,completed
109,46,2026-06-15,263.11,completed
110,46,2025-08-13,58.23,completed
111,46,2025-10-28,59.54,completed
112,46,2025-09-04,75.34,completed
113,46,2025-08-27,27.45,refunded
114,46,2025-10-07,45.92,completed
115,46,2025-07-06,37.01,completed
116,49,2026-06-07,47.26,completed
117,50,2025-11-16,54.25,completed
118,50,2025-11-14,36.05,completed
119,50,2026-01-05,15.68,completed
120,50,2025-11-29,44.69,completed
121,51,2026-05-03,22.86,completed
122,52,2025-12-16,18.75,completed
123,52,2026-02-25,43.26,completed
124,52,2025-09-25,22.91,completed
125,52,2026-04-14,20.8,completed
126,52,2026-02-07,24.61,completed
127,52,2025-12-13,11.22,completed
128,52,2026-01-27,24.34,completed
129,52,2026-01-09,107.66,completed
130,53,2026-05-12,22.79,completed
131,54,2025-08-24,27.4,refunded
132,54,2026-01-14,84.43,completed
133,54,2025-07-05,219.07,completed
134,54,2025-09-16,66.13,completed
135,55,2026-06-03,81.73,completed
136,55,2026-04-18,52.02,completed
137,56,2025-12-03,29.82,cancelled
138,58,2026-06-06,224.81,completed
139,58,2025-11-21,62.06,completed
140,59,2026-06-09,36.76,completed
141,60,2026-01-23,21.99,completed
142,60,2026-05-08,41.21,completed
143,61,2026-04-10,55.62,completed
144,61,2025-10-05,16.91,completed
145,61,2026-01-21,23.53,completed
146,61,2026-02-09,104.36,completed
147,61,2026-03-10,54.05,completed
148,61,2026-04-22,68.92,completed
149,61,2025-12-24,46.13,cancelled
150,61,2026-03-08,49.21,completed
151,63,2026-01-24,126.09,completed
152,64,2026-02-18,355.19,completed
153,64,2026-06-24,29.83,completed
154,64,2026-02-28,51.5,refunded
155,64,2026-03-07,12.63,completed
156,65,2026-05-22,13.39,completed
157,65,2025-09-21,176.8,completed
158,66,2025-10-20,28.68,completed
159,67,2026-06-10,17.35,completed
160,67,2026-05-18,141.38,completed
161,67,2025-11-05,42.04,completed
162,67,2026-02-10,162.67,completed
163,67,2026-05-13,101.56,completed
164,67,2026-02-28,48.02,completed
165,67,2026-01-04,22.68,completed
166,67,2025-07-21,114.28,completed
167,68,2026-02-23,43.59,completed
168,68,2026-03-09,121.68,completed
169,68,2026-04-25,65.19,completed
170,68,2026-04-06,133.6,completed
171,68,2026-05-28,33.95,completed
172,68,2026-04-17,45.08,completed
173,68,2026-04-07,429.7,completed
174,68,2026-04-03,20.39,completed
175,69,2025-09-28,28.75,completed
176,69,2026-02-12,63.13,completed
177,70,2025-09-11,32.94,completed
178,70,2026-06-13,165.12,completed
179,70,2026-01-13,69.79,completed
180,70,2025-09-11,30.82,completed
181,71,2026-05-03,24.65,completed
182,71,2026-03-22,21.4,completed
183,73,2025-07-06,174.78,completed
184,73,2026-05-05,16.96,completed
185,73,2025-10-30,16.04,completed
186,73,2025-10-09,31.92,completed
187,74,2026-04-10,51.55,completed
188,75,2026-02-17,24.41,completed
189,75,2026-06-21,112.38,completed
190,75,2026-05-22,61.22,completed
191,75,2026-03-25,122.06,refunded
192,77,2025-10-07,107.76,completed
193,77,2026-05-19,132.23,completed
194,77,2026-03-29,288.77,completed
195,77,2025-10-28,61.68,completed
196,77,2026-05-15,69.11,completed
197,77,2025-07-17,119.85,completed
198,77,2025-07-15,65.37,completed
199,77,2025-07-24,15.28,completed
200,79,2025-11-11,137.14,completed
201,80,2025-12-11,41.86,completed
202,81,2025-12-12,123.02,completed
203,81,2025-11-25,63.22,completed
204,81,2026-02-09,55.97,completed
205,81,2025-07-25,57.86,completed
206,82,2025-11-25,51.92,completed
207,82,2026-03-11,57.0,completed
208,83,2026-05-22,102.37,cancelled
209,84,2026-02-01,44.89,completed
210,85,2026-02-05,143.44,completed
211,88,2026-02-16,116.1,completed
212,88,2026-02-10,74.12,completed
213,88,2025-12-19,36.71,completed
214,88,2025-10-07,17.49,completed
215,88,2026-05-13,33.4,completed
216,88,2025-12-15,66.0,completed
217,88,2025-10-05,69.11,completed
218,88,2025-09-14,205.97,completed
219,89,2026-02-23,21.51,completed
220,89,2026-06-21,17.92,completed
221,89,2025-11-02,128.98,completed
222,89,2026-05-28,48.29,completed
223,89,2026-05-25,278.19,completed
224,89,2026-05-25,24.65,completed
225,89,2026-06-24,23.76,completed
226,89,2026-06-30,67.19,completed
227,90,2026-06-04,126.01,completed
228,90,2026-03-08,37.26,completed
229,91,2026-04-21,51.15,completed
230,92,2026-05-25,69.83,completed
231,92,2026-06-20,45.42,completed
232,92,2026-06-06,209.17,completed
233,92,2026-06-18,37.95,completed
234,92,2026-06-14,152.76,completed
235,92,2026-06-30,19.5,completed
236,92,2026-05-21,33.51,completed
237,92,2026-06-07,51.71,completed
238,93,2026-05-24,32.6,completed
239,93,2026-02-26,33.33,completed
240,93,2026-04-29,43.09,completed
241,93,2026-04-13,30.01,completed
242,94,2026-04-22,69.34,completed
243,94,2026-05-28,39.09,completed
244,94,2026-05-20,27.42,completed
245,94,2026-05-17,98.99,completed
246,95,2025-10-18,63.01,completed
247,95,2025-08-29,59.73,completed
248,96,2026-06-24,53.48,completed
249,96,2025-07-04,29.95,completed
250,96,2026-03-12,189.63,completed
251,96,2026-01-31,29.97,completed
252,96,2025-07-11,82.68,refunded
253,96,2025-12-17,82.19,completed
254,96,2025-09-12,68.54,completed
255,96,2026-01-04,23.09,completed
256,97,2025-11-06,79.39,completed
257,98,2025-11-17,108.16,completed
258,98,2026-03-10,92.2,completed
259,99,2026-01-24,57.82,completed
260,99,2025-07-04,48.04,completed
261,99,2026-03-14,193.94,completed
262,99,2026-05-17,106.8,completed
263,100,2025-09-21,49.17,refunded
264,100,2025-09-09,22.47,completed
265,100,2026-06-17,341.91,completed
266,100,2025-09-20,37.23,completed
267,101,2025-07-21,39.99,completed
268,101,2025-08-04,21.07,completed
269,102,2026-04-07,14.23,completed
270,102,2025-09-16,71.23,completed
271,102,2026-06-08,77.3,completed
272,102,2025-10-04,121.59,completed
273,103,2026-01-15,92.87,completed
274,103,2026-06-27,98.21,completed
275,103,2026-01-19,75.97,completed
276,103,2026-03-05,66.11,refunded
277,104,2025-09-21,34.38,completed
278,105,2026-04-17,41.39,completed
279,105,2026-05-30,224.59,completed
280,105,2026-05-07,33.19,completed
281,105,2025-10-28,91.4,completed
282,105,2025-11-12,39.23,refunded
283,105,2025-07-22,40.63,completed
284,105,2026-04-19,120.24,completed
285,105,2026-03-13,44.66,completed
286,106,2025-10-28,42.83,completed
287,106,2026-06-28,34.03,completed
288,106,2026-01-14,51.78,completed
289,106,2025-08-02,25.46,completed
290,106,2026-03-25,35.33,completed
291,106,2025-10-17,34.78,completed
292,106,2026-01-02,63.17,completed
293,106,2025-09-15,51.39,completed
294,107,2025-12-01,37.06,completed
295,108,2026-05-15,10.36,completed
296,109,2025-12-21,35.22,completed
297,109,2025-07-27,22.51,completed
298,109,2026-03-07,14.85,completed
299,109,2025-08-31,71.69,completed
300,110,2026-02-08,34.73,completed
301,110,2026-06-25,30.04,completed
302,110,2026-05-19,30.22,completed
303,110,2025-12-02,51.63,completed
304,111,2026-04-30,35.13,completed
305,111,2026-05-02,105.52,refunded
306,112,2026-01-14,165.0,completed
307,112,2025-12-21,41.34,completed
308,112,2026-01-04,31.46,completed
309,112,2026-02-17,58.85,completed
310,112,2025-11-14,47.93,completed
311,112,2026-04-19,100.76,completed
312,112,2026-03-09,23.04,completed
313,112,2025-09-17,228.17,completed
314,113,2025-10-12,147.71,completed
315,114,2025-09-22,43.72,completed
316,114,2026-03-27,36.57,completed
317,115,2025-10-01,56.47,completed
318,116,2026-01-16,34.75,completed
319,116,2025-12-05,61.86,completed
320,116,2026-05-22,36.73,completed
321,116,2026-02-22,15.62,completed
322,117,2026-03-02,14.64,completed
323,117,2026-04-15,102.43,completed
324,117,2026-01-07,102.92,completed
325,117,2026-02-14,43.47,completed
326,117,2025-12-12,134.13,completed
327,117,2025-08-25,160.66,completed
328,117,2026-03-29,83.3,completed
329,117,2025-08-15,36.39,completed
330,118,2025-11-14,66.19,completed
331,118,2025-08-25,44.8,completed
332,118,2025-11-20,22.33,completed
333,118,2025-11-24,149.47,completed
334,119,2026-02-27,128.98,completed
335,119,2026-03-04,6.46,completed
336,119,2026-05-20,26.09,completed
337,119,2026-05-16,17.98,refunded
338,119,2026-05-24,32.43,completed
339,119,2026-05-27,30.64,completed
340,119,2026-04-15,54.92,completed
341,119,2026-06-04,126.31,completed
342,120,2026-06-13,81.36,completed
343,120,2025-07-19,66.31,completed
344,125,2026-04-13,81.86,completed
345,126,2026-06-10,87.23,completed
346,128,2026-06-16,10.59,completed
347,128,2026-05-03,39.91,completed
348,130,2025-11-22,61.76,completed
349,130,2026-05-21,29.8,refunded
350,131,2026-03-06,31.77,completed
351,132,2026-06-28,93.24,completed
352,132,2025-08-22,67.04,refunded
353,132,2026-04-19,27.11,completed
354,132,2026-02-17,75.56,completed
355,133,2026-06-22,20.01,completed
356,133,2026-04-07,44.49,completed
357,134,2026-03-31,14.15,completed
358,135,2025-07-06,107.66,completed
359,135,2025-12-07,57.02,completed
360,135,2026-01-16,52.21,completed
361,135,2026-02-17,56.47,completed
362,135,2026-01-22,32.74,completed
363,135,2026-01-22,45.09,cancelled
364,135,2025-12-23,135.29,completed
365,135,2026-01-02,121.91,completed
366,136,2026-03-04,76.0,completed
367,136,2026-01-09,54.99,completed
368,136,2026-04-27,59.58,completed
369,136,2026-04-27,64.79,completed
370,136,2026-06-06,117.46,completed
371,136,2025-12-12,74.58,completed
372,136,2026-03-24,115.12,completed
373,136,2026-04-02,55.71,completed
374,137,2026-03-25,23.84,completed
375,137,2026-05-17,35.97,completed
376,139,2026-04-25,63.55,completed
377,139,2026-01-19,637.7,completed
378,142,2026-03-07,163.22,refunded
379,142,2026-03-05,105.1,completed
380,143,2025-11-02,30.06,completed
381,143,2025-07-04,121.31,completed
382,144,2025-09-04,18.68,completed
383,144,2026-01-17,32.54,completed
384,144,2025-07-20,88.49,completed
385,144,2025-10-11,10.21,completed
386,145,2025-10-19,83.83,refunded
387,146,2026-06-27,58.55,completed
388,146,2025-09-03,56.5,completed
389,146,2026-01-14,125.05,completed
390,146,2025-10-27,28.87,completed
391,147,2025-10-07,25.61,completed
392,147,2025-09-03,102.83,completed
393,147,2026-02-23,90.01,completed
394,147,2025-07-16,24.57,completed
395,148,2026-06-18,33.84,completed
396,148,2026-05-27,27.02,completed
397,148,2026-05-22,40.75,completed
398,148,2026-06-08,11.27,completed
399,149,2026-06-17,54.31,refunded
400,149,2026-06-23,76.71,completed
401,149,2026-06-29,86.94,completed
402,149,2026-06-18,62.51,completed
403,150,2026-01-30,80.28,completed
404,150,2025-10-22,40.9,refunded
405,150,2026-02-03,49.18,completed
406,150,2026-06-18,158.47,completed
407,150,2025-07-28,71.31,completed
408,150,2025-09-04,53.76,refunded
409,150,2026-04-13,29.01,refunded
410,150,2026-05-23,35.57,refunded
411,151,2025-09-09,12.31,completed
412,151,2025-10-30,71.19,completed
413,153,2026-04-07,11.71,completed
414,153,2025-09-18,68.03,completed
415,153,2025-10-14,28.46,completed
416,153,2025-10-14,41.9,completed
417,154,2026-04-18,44.8,completed
418,154,2025-07-06,8.38,completed
419,155,2025-08-25,51.17,completed
420,155,2025-12-31,225.27,completed
421,156,2025-09-09,47.13,completed
422,157,2026-05-25,79.92,completed
423,158,2025-10-09,60.18,completed
424,159,2026-06-27,48.31,completed
425,159,2026-02-02,54.56,completed
426,159,2026-04-24,65.17,completed
427,159,2025-09-09,5.7,completed
428,159,2025-07-21,122.6,completed
429,159,2026-01-07,48.19,completed
430,159,2026-03-21,84.31,completed
431,159,2026-04-15,88.82,completed
432,160,2026-06-15,117.01,completed
433,160,2026-06-24,30.2,completed
434,161,2025-09-09,37.82,completed
435,161,2025-07-15,93.47,completed
436,161,2026-06-19,37.84,completed
437,161,2026-03-29,31.24,completed
438,162,2025-10-05,57.36,completed
439,162,2026-04-10,48.93,completed
440,165,2025-08-28,56.47,completed
441,165,2026-04-05,76.43,completed
442,165,2026-05-13,27.21,completed
443,165,2025-07-08,51.68,completed
444,166,2025-10-12,136.52,completed
445,166,2025-09-25,19.93,completed
446,166,2026-06-14,28.7,completed
447,166,2025-12-30,72.13,completed
448,166,2025-08-21,42.2,completed
449,166,2025-07-18,37.89,completed
450,166,2026-04-24,38.64,completed
451,166,2025-08-07,85.05,completed
452,167,2026-04-25,33.13,completed
453,167,2025-10-09,52.99,completed
454,167,2025-08-11,14.21,completed
455,167,2026-05-27,42.69,completed
456,167,2026-03-10,19.93,completed
457,167,2025-08-31,38.32,completed
458,167,2025-09-29,61.07,completed
459,167,2026-01-24,82.12,completed
460,168,2026-03-05,72.41,completed
461,169,2026-03-28,61.42,completed
462,169,2026-04-14,29.09,completed
463,171,2026-04-06,36.61,completed
464,172,2025-11-02,32.21,completed
465,173,2025-12-02,190.22,completed
466,174,2026-02-06,29.01,refunded
467,174,2026-06-11,21.77,cancelled
468,175,2025-08-04,99.21,completed
469,175,2025-11-09,68.8,completed
470,175,2025-10-30,74.74,completed
471,175,2025-10-11,105.38,completed
472,175,2025-08-20,13.89,refunded
473,175,2026-05-04,133.61,completed
474,175,2025-07-03,24.32,completed
475,175,2026-05-24,43.87,completed
476,176,2026-05-09,75.53,completed
477,176,2026-01-29,80.62,completed
478,177,2026-02-23,28.91,completed
479,179,2026-04-02,273.99,completed
480,179,2026-05-05,61.37,completed
481,180,2025-12-06,81.79,completed
482,180,2026-04-13,31.23,refunded
483,180,2025-09-06,27.9,completed
484,180,2026-01-02,17.62,completed
485,182,2026-06-19,45.16,completed
486,184,2026-03-13,120.09,completed
487,184,2025-07-14,22.94,completed
488,184,2026-04-15,11.01,completed
489,184,2026-06-02,66.47,completed
490,184,2025-11-12,76.05,completed
491,184,2025-12-14,130.46,completed
492,184,2026-03-13,24.77,completed
493,184,2025-11-14,41.96,completed
494,185,2026-05-09,67.64,completed
495,186,2026-02-10,74.74,completed
496,187,2026-03-03,168.95,completed
497,188,2026-03-19,72.85,completed
498,188,2026-03-14,53.65,completed
499,189,2026-03-29,38.51,completed
500,189,2025-12-26,114.5,completed
501,189,2025-07-22,81.71,completed
502,189,2026-06-19,81.67,completed
503,189,2026-04-03,43.79,completed
504,189,2025-09-12,202.29,completed
505,189,2026-03-14,108.51,completed
506,189,2026-01-10,67.69,completed
507,190,2026-02-12,59.49,cancelled
508,190,2025-07-01,49.88,completed
509,190,2025-12-23,23.09,completed
510,190,2026-01-10,45.34,cancelled
511,191,2026-06-06,23.16,completed
512,191,2026-02-28,105.49,completed
513,191,2026-04-19,36.96,refunded
514,191,2026-03-28,44.47,completed
515,192,2026-03-15,186.44,completed
516,192,2026-01-03,23.35,completed
517,192,2025-09-23,37.97,completed
518,192,2026-01-25,22.76,completed
519,193,2026-02-14,83.54,completed
520,195,2026-01-12,27.97,completed
521,195,2025-11-10,78.35,completed
522,196,2025-09-11,29.34,completed
523,196,2026-06-09,82.95,completed
524,197,2026-04-21,40.92,completed
525,197,2026-04-05,60.51,completed
526,198,2026-06-25,11.09,completed
527,199,2026-06-10,83.76,cancelled
528,199,2026-01-15,126.07,completed
529,200,2026-01-19,48.28,completed
530,204,2026-04-08,80.97,completed
531,204,2026-01-25,28.8,completed
532,204,2025-07-04,24.11,completed
533,204,2025-08-14,40.39,completed
534,204,2026-04-11,18.06,completed
535,204,2025-12-05,9.37,completed
536,204,2026-04-03,37.88,completed
537,204,2026-04-01,104.28,completed
538,205,2026-06-22,112.95,completed
539,205,2026-02-17,42.46,completed
540,206,2026-06-27,68.3,completed
541,207,2025-09-02,15.28,completed
542,207,2026-04-14,76.77,completed
543,207,2026-06-11,246.57,completed
544,207,2025-09-20,36.91,completed
545,207,2025-08-16,137.7,completed
546,207,2025-11-09,85.12,completed
547,207,2025-07-30,26.13,completed
548,207,2026-04-25,184.54,completed
549,208,2026-06-01,140.82,completed
550,208,2026-06-12,30.49,completed
551,210,2025-09-01,69.38,completed
552,210,2026-03-26,57.09,completed
553,210,2026-03-12,33.13,completed
554,210,2026-04-25,57.61,completed
555,211,2025-07-01,66.55,completed
556,211,2026-02-16,52.78,completed
557,213,2025-07-19,17.28,completed
558,214,2025-12-28,84.7,completed
559,214,2025-08-16,15.15,completed
560,216,2026-04-01,58.73,completed
561,216,2026-04-18,59.52,completed
562,217,2026-03-31,55.69,completed
563,217,2025-07-28,51.08,completed
564,217,2026-06-18,75.23,completed
565,217,2025-11-13,154.25,completed
566,218,2026-04-16,13.9,completed
567,218,2026-06-30,27.19,completed
568,219,2026-06-20,31.16,completed
569,219,2026-02-22,62.49,completed
570,221,2025-10-31,34.31,completed
571,221,2025-08-22,52.02,completed
572,221,2025-08-23,125.27,completed
573,221,2026-06-04,23.31,completed
574,222,2026-05-31,123.37,completed
575,223,2026-06-14,66.17,completed
576,223,2026-03-20,110.33,completed
577,223,2025-11-07,25.61,completed
578,223,2026-03-10,210.49,completed
579,224,2026-03-11,20.2,completed
580,224,2026-05-23,109.5,completed
581,225,2026-05-06,41.18,completed
582,225,2025-08-12,17.64,completed
583,226,2026-03-30,148.78,completed
584,226,2025-09-24,12.9,completed
585,226,2026-02-20,129.29,completed
586,226,2026-03-23,38.97,completed
587,226,2025-12-08,47.84,completed
588,226,2025-10-26,145.44,completed
589,226,2026-01-09,131.31,cancelled
590,226,2026-05-24,68.76,completed
591,227,2025-11-14,129.22,completed
592,228,2025-08-22,144.65,completed
593,228,2025-08-01,89.84,completed
594,228,2026-04-11,42.81,refunded
595,228,2025-12-08,19.4,completed
596,229,2026-05-18,85.17,completed
597,229,2026-02-01,60.2,completed
598,229,2026-06-12,75.96,cancelled
599,229,2026-01-01,74.98,completed
600,229,2026-04-21,54.31,completed
601,229,2025-09-10,25.52,completed
602,229,2026-06-14,43.01,completed
603,229,2026-01-13,91.83,completed
604,230,2026-06-09,28.92,completed
605,230,2026-06-07,106.45,completed
606,230,2026-06-15,54.74,completed
607,230,2026-05-29,25.55,completed
608,230,2026-06-29,111.12,completed
609,230,2026-06-08,7.41,completed
610,230,2026-05-25,88.25,completed
611,230,2026-04-20,61.78,refunded
612,231,2026-06-13,33.54,completed
613,231,2026-06-20,25.28,completed
614,231,2025-12-22,42.94,completed
615,231,2025-10-04,73.51,completed
616,232,2026-02-10,31.2,completed
617,233,2025-10-31,54.97,completed
618,235,2025-09-16,124.61,completed
619,235,2026-06-20,35.03,completed
620,235,2026-05-31,31.17,completed
621,235,2026-01-26,29.26,completed
622,235,2026-03-29,40.97,completed
623,235,2026-05-24,61.48,completed
624,235,2026-04-09,29.87,completed
625,235,2026-02-03,179.31,completed
626,236,2026-04-22,57.16,completed
627,236,2025-07-15,90.91,completed
628,236,2026-05-19,40.51,completed
629,236,2026-01-16,56.56,completed
630,237,2026-05-26,70.34,completed
631,237,2026-06-26,24.4,completed
632,237,2026-06-11,20.77,completed
633,237,2026-05-05,39.49,completed
634,237,2026-06-19,211.99,completed
635,237,2026-05-09,69.56,cancelled
636,237,2026-04-16,72.33,completed
637,237,2026-04-15,167.99,completed
638,238,2026-04-16,42.77,completed
639,238,2025-12-29,49.52,completed
640,239,2026-03-31,102.53,cancelled
641,239,2026-03-17,107.32,completed
642,239,2025-11-30,133.08,completed
643,239,2026-04-13,34.24,completed
644,239,2026-01-02,152.1,completed
645,239,2026-04-10,49.99,completed
646,239,2026-06-25,52.17,completed
647,239,2026-06-26,35.15,completed
648,240,2025-12-29,46.65,completed
649,241,2026-05-22,113.42,completed
650,241,2026-02-26,17.43,completed
651,242,2026-05-07,61.99,completed
652,242,2025-10-26,79.8,completed
653,242,2026-05-28,19.56,refunded
654,242,2026-05-23,64.06,completed
655,242,2026-02-25,74.45,completed
656,242,2025-09-22,67.07,completed
657,242,2026-01-12,141.21,completed
658,242,2026-03-15,66.1,completed
659,243,2025-11-26,46.69,completed
660,243,2025-10-15,108.88,completed
661,244,2026-04-08,63.31,completed
662,244,2026-06-19,25.61,completed
663,245,2025-12-19,97.13,completed
664,245,2026-02-19,61.15,completed
665,246,2025-08-04,69.14,completed
666,246,2025-08-17,43.02,completed
667,246,2025-12-20,46.12,completed
668,246,2026-06-19,77.9,completed
669,247,2025-07-07,49.04,completed
670,247,2025-12-30,115.93,completed
671,247,2025-10-31,56.99,completed
672,247,2025-12-08,47.66,completed
673,249,2026-03-23,29.2,completed
674,249,2025-07-07,85.85,completed
675,249,2025-09-29,77.04,completed
676,249,2025-11-23,81.82,completed
677,249,2025-07-15,85.12,completed
678,249,2026-04-29,23.29,completed
679,249,2025-08-04,57.18,completed
680,249,2026-04-12,21.8,refunded
681,250,2026-02-24,33.57,completed
682,251,2026-05-04,29.25,completed
683,251,2026-05-16,164.77,completed
684,251,2026-05-03,72.4,completed
685,251,2026-05-05,139.7,completed
686,253,2025-09-09,30.06,completed
687,253,2025-09-24,56.33,completed
688,253,2025-09-23,36.0,completed
689,253,2025-10-23,263.5,completed
690,254,2026-06-02,181.51,completed
691,254,2026-05-18,51.2,completed
692,254,2026-06-21,72.26,completed
693,254,2026-06-16,49.66,completed
694,254,2026-06-03,39.88,refunded
695,254,2026-06-21,18.48,completed
696,254,2026-05-30,97.68,refunded
697,254,2026-06-10,56.78,completed
698,256,2025-08-20,19.11,completed
699,256,2025-08-31,86.96,completed
700,257,2026-06-17,101.88,completed
701,257,2026-03-13,68.68,completed
702,259,2026-06-02,45.58,completed
703,260,2025-10-16,38.77,completed
704,260,2025-08-12,37.83,completed
705,260,2026-03-14,29.58,completed
706,260,2026-03-18,71.03,completed
707,260,2025-10-16,90.24,cancelled
708,260,2026-02-28,28.22,completed
709,260,2026-04-27,45.57,completed
710,260,2025-07-10,69.68,completed
711,261,2025-11-18,21.93,completed
712,261,2025-07-30,27.35,completed
713,262,2026-06-04,36.9,completed
714,262,2026-06-30,48.58,completed
715,262,2025-08-23,34.72,completed
716,262,2026-01-09,79.69,completed
717,262,2025-11-02,54.54,completed
718,262,2026-01-06,165.84,completed
719,262,2026-06-20,4.87,completed
720,262,2025-08-07,70.53,completed
721,263,2026-05-03,111.33,completed
722,265,2025-09-07,102.1,completed
723,265,2026-01-01,41.07,completed
724,267,2025-12-24,51.06,completed
725,267,2026-04-22,30.38,completed
726,268,2026-03-07,168.31,completed
727,269,2026-02-02,67.59,completed
728,269,2026-03-13,62.37,completed
729,269,2026-04-02,42.96,completed
730,269,2026-06-09,35.12,completed
731,271,2025-08-07,56.79,completed
732,271,2026-03-03,107.2,refunded
733,273,2026-05-25,53.94,refunded
734,274,2026-02-02,33.55,completed
735,274,2025-08-06,81.48,completed
736,274,2025-10-06,103.98,completed
737,274,2025-10-27,126.41,completed
738,275,2026-01-17,15.08,completed
739,275,2026-01-28,54.78,completed
740,275,2025-12-07,34.04,completed
741,275,2026-05-18,51.01,completed
742,275,2026-02-10,51.04,completed
743,275,2026-05-16,39.1,completed
744,275,2025-12-07,88.39,completed
745,275,2026-02-14,55.67,refunded
746,276,2026-02-20,184.06,completed
747,277,2026-02-24,41.99,completed
748,278,2026-03-02,134.89,completed
749,280,2025-09-24,49.02,completed
750,280,2025-08-22,189.93,completed
751,280,2026-04-10,24.03,completed
752,280,2025-08-13,84.37,completed
753,280,2025-12-26,23.06,completed
754,280,2025-10-12,32.79,completed
755,280,2026-01-07,11.97,completed
756,280,2026-04-26,29.34,completed
757,281,2026-01-31,65.08,completed
758,282,2026-03-09,42.21,completed
759,283,2025-12-03,337.04,completed
760,284,2026-05-16,22.59,completed
761,284,2025-08-15,13.86,completed
762,284,2025-12-09,118.28,completed
763,284,2026-02-12,46.32,completed
764,284,2026-02-21,207.8,completed
765,284,2025-11-28,159.14,completed
766,284,2025-10-21,280.52,completed
767,284,2026-06-26,37.66,completed
768,285,2026-06-03,97.05,completed
769,285,2026-05-25,60.67,completed
770,285,2026-05-10,45.48,completed
771,285,2026-04-26,42.3,completed
772,286,2025-08-06,71.89,completed
773,287,2026-01-10,29.34,completed
774,287,2026-02-26,39.15,completed
775,287,2025-12-28,60.24,completed
776,287,2026-03-23,21.42,completed
777,288,2026-04-04,71.44,completed
778,290,2026-06-29,93.61,completed
779,291,2026-02-07,17.6,completed
780,292,2026-03-21,76.93,completed
781,292,2026-03-14,66.85,completed
782,292,2025-09-23,70.57,completed
783,292,2026-01-02,57.96,completed
784,292,2026-06-30,166.8,refunded
785,292,2026-04-13,36.36,completed
786,292,2025-07-16,43.39,completed
787,292,2025-11-19,36.31,completed
788,293,2026-04-02,29.75,completed
789,293,2026-05-05,22.84,completed
790,293,2025-10-19,10.08,refunded
791,293,2025-07-27,53.84,completed
792,294,2025-12-11,47.8,cancelled
793,294,2025-12-20,36.75,cancelled
794,295,2026-05-17,73.14,completed
795,296,2026-01-30,52.27,cancelled
796,297,2026-02-26,62.12,completed
797,297,2025-11-16,40.91,completed
798,298,2026-01-17,75.7,completed
799,298,2026-04-07,83.51,completed
800,298,2026-06-13,44.34,completed
801,298,2026-04-10,112.42,completed
802,299,2026-02-28,76.32,completed
803,299,2025-12-03,60.3,completed
804,299,2025-11-12,105.46,completed
805,299,2026-06-07,113.28,completed
806,299,2026-02-27,75.15,completed
807,299,2026-03-31,73.93,completed
808,299,2025-09-22,42.35,completed
809,299,2026-06-16,32.97,refunded
810,300,2025-09-10,31.52,completed
811,301,2025-08-15,80.23,completed
812,301,2025-07-21,46.93,completed
813,301,2025-09-30,107.36,completed
814,301,2025-09-21,30.33,completed
815,301,2025-10-10,47.98,completed
816,301,2025-10-28,53.47,completed
817,301,2025-09-28,140.21,completed
818,301,2026-02-14,61.17,completed
819,302,2026-03-17,65.56,completed
820,302,2026-04-02,59.45,completed
821,303,2026-05-28,104.41,completed
822,303,2025-12-26,74.36,completed
823,303,2026-03-10,66.84,completed
824,303,2026-01-15,91.06,completed
825,304,2026-06-02,26.22,completed
826,304,2026-05-31,53.59,refunded
827,305,2026-06-30,47.19,completed
828,305,2025-09-12,28.24,completed
829,305,2026-04-20,42.29,completed
830,305,2026-04-27,66.55,completed
831,306,2026-03-02,83.63,completed
832,306,2026-06-24,154.94,completed
833,306,2026-03-02,37.14,completed
834,306,2026-06-10,29.43,completed
835,307,2026-01-09,97.57,completed
836,307,2026-02-13,53.03,completed
837,308,2026-02-26,11.39,completed
838,308,2025-09-08,112.17,completed
839,309,2026-06-08,145.66,completed
840,310,2026-05-10,23.32,completed
841,310,2026-02-13,30.2,completed
842,310,2025-12-08,128.53,completed
843,310,2026-02-23,51.99,completed
844,310,2025-11-10,15.03,completed
845,310,2026-01-24,134.7,refunded
846,310,2026-04-15,38.23,completed
847,310,2026-04-28,39.91,completed
848,311,2025-11-22,135.85,completed
849,311,2025-12-08,87.89,completed
850,312,2026-06-16,85.81,refunded
851,313,2025-12-07,23.19,completed
852,313,2026-05-03,59.17,completed
853,314,2026-06-27,21.24,refunded
854,314,2026-04-20,56.15,completed
855,314,2026-06-15,35.34,completed
856,314,2026-02-25,36.76,completed
857,314,2026-06-10,82.47,completed
858,314,2026-04-09,56.27,completed
859,314,2026-02-04,68.01,completed
860,314,2026-06-20,38.79,completed
861,315,2026-04-21,20.83,completed
862,315,2025-07-08,78.07,completed
863,316,2025-12-30,38.78,completed
864,316,2026-01-15,46.43,completed
865,316,2026-06-09,33.46,completed
866,316,2025-08-15,44.25,completed
867,316,2025-08-07,68.75,completed
868,316,2025-09-18,27.3,refunded
869,316,2025-08-24,84.23,completed
870,316,2025-07-24,41.91,completed
871,317,2026-05-30,17.57,completed
872,317,2026-05-12,55.44,completed
873,318,2026-04-08,46.89,completed
874,319,2026-06-04,71.07,completed
875,320,2025-08-06,25.39,completed
876,322,2026-04-28,111.88,completed
877,323,2026-06-23,190.92,completed
878,323,2025-08-08,27.5,completed
879,323,2026-04-25,113.97,completed
880,323,2026-01-04,28.51,completed
881,325,2025-11-04,70.69,completed
882,325,2026-02-27,29.11,completed
883,326,2026-04-05,160.97,completed
884,326,2026-06-27,57.85,completed
885,326,2026-04-10,27.24,completed
886,326,2026-03-11,83.23,completed
887,326,2026-01-19,40.84,completed
888,326,2026-05-30,41.19,completed
889,326,2026-05-08,109.87,completed
890,326,2026-05-24,61.07,completed
891,327,2026-06-15,29.1,completed
892,327,2025-12-04,51.46,completed
893,328,2026-06-12,34.37,completed
894,328,2026-04-07,23.93,completed
895,328,2026-05-08,59.75,refunded
896,328,2025-10-26,37.97,completed
897,330,2026-02-10,40.42,completed
898,330,2026-05-25,34.76,completed
899,330,2026-06-11,102.89,completed
900,330,2025-07-28,49.0,completed
901,331,2026-02-11,764.92,cancelled
902,331,2025-07-11,46.55,completed
903,331,2026-01-07,27.59,completed
904,331,2025-07-18,65.65,completed
905,331,2026-06-11,61.17,completed
906,331,2026-06-28,25.19,completed
907,331,2025-12-12,18.88,completed
908,331,2026-05-05,21.93,completed
909,333,2026-01-29,41.96,completed
910,333,2026-04-10,15.83,completed
911,333,2025-12-01,23.02,completed
912,333,2026-05-06,20.63,completed
913,333,2026-03-07,105.47,completed
914,333,2026-05-24,25.07,completed
915,333,2026-04-06,28.23,completed
916,333,2026-03-02,55.99,completed
917,334,2025-12-31,155.96,completed
918,334,2025-11-18,41.13,refunded
919,334,2026-01-06,104.63,cancelled
920,334,2026-05-25,40.11,completed
921,334,2025-12-21,100.98,completed
922,334,2026-06-05,25.16,completed
923,334,2025-11-10,11.84,completed
924,334,2026-01-08,14.65,completed
925,335,2025-10-10,57.6,completed
926,335,2025-10-04,24.16,completed
927,336,2025-12-08,31.81,completed
928,336,2026-05-12,28.71,completed
929,337,2026-04-17,53.67,completed
930,337,2025-07-31,67.05,completed
931,337,2025-07-17,77.86,completed
932,337,2025-09-14,8.93,completed
933,339,2026-06-18,50.77,completed
934,339,2025-12-08,112.61,completed
935,339,2025-12-20,10.07,completed
936,339,2025-08-31,73.31,completed
937,340,2025-07-03,219.87,completed
938,340,2025-08-16,52.04,completed
939,341,2026-02-19,34.46,refunded
940,342,2025-07-24,35.75,refunded
941,343,2025-07-14,103.27,completed
942,343,2026-06-28,43.93,completed
943,344,2025-09-17,48.89,cancelled
944,344,2025-10-16,83.9,completed
945,345,2025-10-12,52.78,completed
946,346,2025-09-09,63.89,completed
947,346,2025-09-03,72.99,completed
948,346,2025-08-18,158.93,completed
949,346,2026-02-09,221.73,completed
950,347,2026-04-22,29.51,completed
951,348,2026-06-22,59.19,completed
952,349,2026-06-16,65.48,completed
953,349,2026-05-04,80.34,refunded
954,350,2026-05-26,30.17,completed
955,350,2025-08-21,15.86,completed
956,350,2025-10-10,39.26,completed
957,350,2025-08-14,38.54,completed
958,351,2026-06-27,35.78,completed
959,352,2025-10-16,42.05,completed
960,352,2026-05-30,128.01,completed
961,352,2025-08-07,114.74,completed
962,352,2026-06-12,39.39,completed
963,352,2026-03-01,11.31,completed
964,352,2026-01-25,55.24,completed
965,352,2026-02-06,82.65,completed
966,352,2026-02-26,43.93,refunded
967,353,2025-12-14,56.32,completed
968,354,2026-04-06,71.53,completed
969,355,2026-01-05,103.62,completed
970,355,2026-01-29,50.18,completed
971,355,2025-08-24,49.37,refunded
972,355,2025-12-12,50.28,completed
973,356,2025-10-26,69.89,refunded
974,356,2025-12-22,40.39,completed
975,356,2025-12-22,63.41,completed
976,356,2026-02-21,102.13,completed
977,357,2025-12-03,131.75,completed
978,357,2025-08-22,23.6,completed
979,359,2026-05-06,55.96,completed
980,359,2026-01-30,46.02,completed
981,360,2026-04-05,134.57,completed
982,360,2025-08-27,95.93,completed
983,360,2025-11-20,73.71,completed
984,360,2025-07-11,28.99,completed
985,360,2025-11-18,76.61,completed
986,360,2026-03-22,54.24,completed
987,360,2026-03-18,95.91,completed
988,360,2025-11-04,20.47,completed
989,361,2025-11-09,82.98,completed
990,361,2025-09-04,126.65,completed
991,361,2026-06-26,32.26,completed
992,361,2025-10-08,47.16,completed
993,361,2025-12-01,67.72,completed
994,361,2026-05-29,57.94,completed
995,361,2026-01-17,43.49,completed
996,361,2026-06-22,25.71,completed
997,362,2026-05-10,35.19,completed
998,362,2025-11-12,16.27,completed
999,362,2026-06-20,29.55,completed
1000,362,2026-06-08,105.41,completed
1001,362,2026-01-25,23.67,completed
1002,362,2025-11-14,20.96,completed
1003,362,2026-01-17,137.22,completed
1004,362,2026-03-13,14.04,completed
1005,363,2025-07-07,44.99,completed
1006,365,2025-11-04,50.47,completed
1007,365,2026-04-20,185.11,completed
1008,366,2025-12-25,47.01,completed
1009,366,2026-04-20,151.57,completed
1010,367,2025-12-14,18.37,completed
1011,367,2025-07-20,27.61,refunded
1012,368,2026-06-16,48.72,completed
1013,368,2026-05-26,71.86,completed
1014,368,2026-05-27,35.13,completed
1015,368,2026-05-31,39.82,completed
1016,370,2026-01-28,37.58,completed
1017,370,2026-01-27,34.71,completed
1018,370,2026-01-19,100.26,completed
1019,370,2025-07-07,53.31,completed
1020,370,2025-08-20,69.81,completed
1021,370,2026-01-13,70.84,refunded
1022,370,2026-03-13,59.23,completed
1023,370,2026-01-24,79.79,completed
1024,371,2026-02-26,212.06,completed
1025,371,2025-07-02,26.66,completed
1026,371,2025-11-29,80.6,completed
1027,371,2025-12-05,112.28,completed
1028,373,2025-09-13,72.5,completed
1029,373,2026-03-31,25.31,completed
1030,373,2025-09-14,9.54,completed
1031,373,2025-11-03,87.65,completed
1032,375,2026-06-25,44.26,completed
1033,375,2025-12-25,36.49,completed
1034,376,2025-12-27,41.55,refunded
1035,378,2026-03-02,55.16,completed
1036,378,2025-09-09,88.54,completed
1037,378,2025-11-19,133.7,completed
1038,378,2025-12-24,15.08,completed
1039,378,2025-09-22,143.62,completed
1040,378,2025-11-15,63.7,completed
1041,378,2026-01-16,101.17,completed
1042,378,2026-06-19,95.7,completed
1043,379,2026-04-24,34.55,completed
1044,379,2026-01-22,76.26,completed
1045,380,2025-08-29,23.24,completed
1046,380,2026-02-09,180.04,completed
1047,383,2026-06-20,29.24,completed
1048,384,2026-02-20,20.97,completed
1049,384,2025-10-21,55.51,completed
1050,385,2026-04-12,102.69,refunded
1051,385,2026-06-03,27.1,completed
1052,386,2026-06-30,145.6,refunded
1053,386,2026-01-18,32.27,completed
1054,386,2025-12-18,100.79,completed
1055,386,2026-02-06,49.93,cancelled
1056,386,2026-06-18,74.03,cancelled
1057,386,2026-02-08,41.02,completed
1058,386,2026-06-01,70.26,completed
1059,386,2025-12-31,42.11,completed
1060,387,2026-05-05,67.34,completed
1061,388,2025-12-09,17.98,completed
1062,389,2026-05-20,28.65,completed
1063,391,2026-03-28,94.67,completed
1064,393,2026-02-14,50.15,completed
1065,393,2025-12-27,78.2,completed
1066,393,2026-06-06,40.69,completed
1067,393,2026-02-11,84.97,completed
1068,394,2025-07-07,43.58,completed
1069,394,2026-03-13,18.41,completed
1070,394,2026-05-21,25.73,completed
1071,394,2026-06-22,139.56,cancelled
1072,395,2026-05-29,69.92,completed
1073,396,2025-11-27,126.9,completed
1074,396,2026-02-12,143.14,completed
1075,396,2025-11-23,60.64,completed
1076,396,2025-10-10,144.53,completed
1077,397,2025-08-29,37.73,refunded
1078,397,2025-12-03,29.53,completed
1079,397,2026-02-18,113.82,completed
1080,397,2026-06-22,117.87,completed
1081,398,2025-12-12,286.39,completed
1082,400,2025-09-05,70.23,completed
1083,401,2026-03-13,33.32,completed
1084,401,2025-07-22,121.29,completed
1085,401,2025-12-16,105.1,completed
1086,401,2026-06-19,74.9,completed
1087,401,2026-03-11,38.18,completed
1088,401,2025-10-07,70.65,completed
1089,401,2026-03-01,14.91,completed
1090,401,2025-11-18,38.41,completed
1091,402,2026-05-23,30.78,completed
1092,402,2026-06-04,20.7,completed
1093,403,2026-05-23,60.91,completed
1094,404,2025-12-20,186.85,completed
1095,404,2026-06-16,58.54,completed
1096,404,2026-02-22,45.52,completed
1097,404,2026-04-06,89.02,completed
1098,405,2025-11-27,68.19,completed
1099,405,2025-12-19,45.5,completed
1100,405,2026-03-05,127.43,completed
1101,405,2025-11-06,32.76,completed
1102,405,2026-01-31,90.16,completed
1103,405,2026-06-22,7.8,completed
1104,405,2026-05-18,88.22,cancelled
1105,405,2026-06-28,73.01,completed
1106,407,2026-02-01,40.8,completed
1107,407,2026-05-28,45.55,completed
1108,407,2026-03-31,213.92,completed
1109,407,2025-07-09,28.88,completed
1110,407,2025-07-25,49.31,refunded
1111,407,2026-03-05,198.56,completed
1112,407,2025-10-17,85.16,completed
1113,407,2025-10-14,14.23,completed
1114,408,2026-01-30,30.56,completed
1115,408,2026-04-05,122.33,completed
1116,409,2025-09-03,52.98,completed
1117,410,2026-05-02,41.56,completed
1118,411,2026-02-24,84.76,completed
1119,411,2026-05-04,59.88,completed
1120,412,2025-07-30,103.7,completed
1121,413,2025-11-08,94.45,completed
1122,414,2026-02-24,73.62,completed
1123,414,2026-06-27,85.92,refunded
1124,414,2026-06-02,12.68,completed
1125,414,2026-02-16,74.8,completed
1126,414,2026-01-13,15.37,completed
1127,414,2026-04-13,122.33,completed
1128,414,2025-09-16,25.02,completed
1129,414,2026-03-08,19.56,completed
1130,415,2026-03-21,81.37,completed
1131,415,2025-11-28,32.81,completed
1132,415,2025-09-23,65.95,completed
1133,415,2025-12-18,11.11,cancelled
1134,415,2025-09-18,17.52,completed
1135,415,2026-03-26,42.43,cancelled
1136,415,2025-09-08,56.73,completed
1137,415,2026-05-26,29.45,completed
1138,416,2025-12-22,59.69,completed
1139,416,2026-02-11,110.16,completed
1140,416,2026-06-07,207.61,completed
1141,416,2025-12-10,172.85,completed
1142,416,2026-04-03,44.71,cancelled
1143,416,2026-02-02,31.24,completed
1144,416,2026-04-19,41.64,completed
1145,416,2026-06-23,159.45,completed
1146,417,2026-02-05,67.2,completed
1147,417,2026-03-29,41.96,completed
1148,418,2026-04-22,32.58,completed
1149,419,2026-04-24,52.47,completed
1150,419,2025-07-10,164.8,completed
1151,420,2026-03-08,55.11,completed
1152,420,2026-03-20,58.7,completed
1153,420,2026-06-03,27.83,completed
1154,420,2026-05-18,28.57,completed
1155,421,2026-06-24,44.5,completed
1156,422,2025-08-30,67.17,completed
1157,422,2025-12-16,38.07,completed
1158,425,2025-07-23,41.12,completed
1159,425,2025-12-09,111.12,completed
1160,426,2026-01-02,50.88,completed
1161,426,2025-12-04,90.34,completed
1162,427,2026-04-03,57.59,completed
1163,428,2026-06-06,13.08,completed
1164,428,2026-03-22,93.36,completed
1165,429,2026-01-24,34.11,completed
1166,429,2026-05-11,50.01,completed
1167,429,2025-11-09,80.33,completed
1168,429,2025-09-07,94.68,completed
1169,429,2025-09-08,27.62,completed
1170,429,2026-03-13,59.3,completed
1171,429,2025-11-06,52.41,completed
1172,429,2026-01-01,32.48,completed
1173,430,2026-03-29,65.95,cancelled
1174,430,2025-10-20,27.37,completed
1175,431,2025-10-25,39.71,completed
1176,432,2026-01-27,113.76,completed
1177,432,2025-11-21,51.18,completed
1178,433,2025-12-30,53.68,completed
1179,433,2026-06-29,76.37,completed
1180,433,2026-05-20,41.65,completed
1181,433,2026-01-20,26.53,completed
1182,433,2026-01-28,101.09,completed
1183,433,2026-05-10,127.14,completed
1184,433,2026-04-30,25.56,cancelled
1185,433,2026-05-08,35.35,completed
1186,434,2026-04-22,68.78,completed
1187,435,2025-11-29,34.27,completed
1188,435,2025-10-30,62.31,completed
1189,436,2025-11-08,44.14,completed
1190,436,2026-02-20,50.42,completed
1191,437,2026-05-30,199.92,completed
1192,438,2026-05-02,78.08,completed
1193,438,2026-06-21,134.82,completed
1194,438,2026-05-27,98.62,completed
1195,438,2026-06-13,30.15,completed
1196,438,2026-06-25,116.52,completed
1197,438,2026-06-18,43.38,completed
1198,438,2026-05-16,37.44,completed
1199,438,2026-05-07,38.11,completed
1200,439,2026-02-27,77.93,completed
1201,439,2025-10-03,62.32,completed
1202,439,2026-04-14,133.7,completed
1203,439,2025-09-04,46.04,completed
1204,440,2026-05-25,41.89,completed
1205,440,2025-11-20,20.53,cancelled
1206,441,2026-06-30,94.88,completed
1207,441,2026-05-03,25.73,completed
1208,442,2026-04-23,20.51,completed
1209,442,2026-03-27,87.19,completed
1210,443,2025-11-26,364.19,completed
1211,444,2025-12-10,86.41,completed
1212,444,2025-11-17,72.24,completed
1213,444,2026-06-13,221.92,completed
1214,444,2026-04-08,56.78,completed
1215,445,2025-07-03,66.92,completed
1216,445,2026-03-03,81.33,completed
1217,445,2025-08-17,143.67,completed
1218,445,2025-10-29,46.49,completed
1219,445,2026-05-08,34.95,completed
1220,445,2026-04-24,23.24,completed
1221,445,2026-05-21,80.56,completed
1222,445,2025-12-22,21.49,completed
1223,446,2026-06-05,60.57,completed
1224,447,2025-10-27,12.07,completed
1225,447,2026-04-20,46.89,completed
1226,447,2026-04-04,143.93,completed
1227,447,2025-10-14,146.0,completed
1228,447,2026-02-01,45.93,completed
1229,447,2025-12-21,31.97,completed
1230,447,2025-07-31,94.34,completed
1231,447,2025-12-02,174.85,completed
1232,448,2026-06-17,81.62,completed
1233,448,2026-03-27,119.44,completed
1234,449,2026-02-27,49.12,completed
1235,450,2025-12-15,256.57,completed
1236,451,2026-06-22,54.76,completed
1237,451,2026-06-12,23.89,completed
1238,451,2026-06-30,68.87,completed
1239,451,2026-05-24,23.16,completed
1240,453,2025-12-29,48.0,completed
1241,453,2025-12-27,46.63,completed
1242,453,2025-12-10,15.75,completed
1243,453,2026-05-11,25.81,completed
1244,453,2025-12-24,29.34,completed
1245,453,2026-04-19,210.53,completed
1246,453,2025-12-19,478.53,completed
1247,453,2025-11-19,84.03,completed
1248,454,2026-01-19,65.25,cancelled
1249,454,2026-06-20,64.33,completed
1250,454,2025-07-23,24.8,completed
1251,454,2025-10-27,46.67,completed
1252,454,2025-08-06,53.39,completed
1253,454,2025-12-02,89.06,completed
1254,454,2026-03-11,69.83,completed
1255,454,2026-03-14,18.64,completed
1256,455,2025-08-06,123.68,cancelled
1257,455,2026-03-02,54.61,completed
1258,456,2026-06-25,23.52,completed
1259,458,2026-06-28,65.72,completed
1260,460,2026-05-27,36.8,completed
1261,460,2026-02-22,120.98,completed
1262,461,2026-06-20,103.99,refunded
1263,462,2026-05-10,81.35,completed
1264,462,2026-05-23,53.94,completed
1265,463,2026-03-12,73.56,completed
1266,463,2026-05-05,24.37,completed
1267,463,2025-08-25,35.05,completed
1268,463,2025-10-29,56.12,completed
1269,463,2025-11-27,61.54,completed
1270,463,2025-09-23,219.62,completed
1271,463,2026-04-25,92.4,completed
1272,463,2025-07-27,23.41,completed
1273,464,2025-10-19,127.75,completed
1274,464,2026-02-19,38.84,completed
1275,464,2025-09-17,15.94,completed
1276,464,2025-08-23,29.5,completed
1277,464,2026-03-22,21.84,completed
1278,464,2026-02-14,43.53,completed
1279,464,2025-12-20,26.32,completed
1280,464,2025-07-25,99.19,cancelled
1281,465,2025-09-05,154.48,refunded
1282,466,2026-03-13,26.18,completed
1283,467,2026-06-09,45.08,completed
1284,467,2026-04-04,20.9,completed
1285,468,2026-04-27,62.04,completed
1286,469,2026-05-15,38.1,completed
1287,469,2025-08-19,63.13,completed
1288,470,2026-05-19,105.98,completed
1289,471,2026-03-19,26.07,completed
1290,472,2026-04-07,39.42,completed
1291,472,2026-01-08,29.15,completed
1292,472,2026-03-19,28.71,completed
1293,472,2026-06-25,43.64,completed
1294,472,2026-05-14,80.91,refunded
1295,472,2026-05-23,82.91,completed
1296,472,2026-04-02,33.44,refunded
1297,472,2026-05-06,45.19,refunded
1298,473,2026-03-18,44.33,completed
1299,473,2026-03-20,78.76,completed
1300,473,2026-05-03,55.98,completed
1301,473,2026-04-20,58.24,completed
1302,474,2026-01-27,43.71,completed
1303,474,2026-06-26,45.06,refunded
1304,475,2026-06-03,66.25,completed
1305,475,2026-06-06,36.69,completed
1306,475,2026-06-21,153.11,completed
1307,475,2026-06-08,75.41,completed
1308,475,2026-06-13,106.86,completed
1309,475,2026-06-14,112.8,completed
1310,475,2026-06-07,24.62,completed
1311,475,2026-06-01,99.95,completed
1312,477,2026-05-14,35.45,completed
1313,477,2026-04-25,15.64,completed
1314,477,2025-12-06,41.21,completed
1315,477,2026-06-29,52.04,refunded
1316,477,2026-06-01,22.54,completed
1317,477,2026-03-18,224.71,completed
1318,477,2025-11-01,14.37,completed
1319,477,2026-05-06,14.67,completed
1320,479,2026-04-19,84.52,completed
1321,479,2026-02-16,24.42,completed
1322,479,2026-03-31,89.55,completed
1323,479,2026-05-06,55.67,completed
1324,480,2025-11-19,105.89,completed
1325,481,2026-03-14,71.91,completed
1326,481,2026-03-23,10.74,completed
1327,481,2025-11-14,53.97,completed
1328,481,2026-06-20,16.01,completed
1329,481,2026-01-21,16.45,completed
1330,481,2025-12-26,6.32,completed
1331,481,2026-04-06,97.04,completed
1332,481,2026-01-06,50.05,completed
1333,483,2026-01-12,138.62,completed
1334,483,2025-10-28,72.22,completed
1335,483,2026-04-22,31.08,completed
1336,483,2025-09-23,25.77,completed
1337,483,2026-02-05,50.07,refunded
1338,483,2025-09-21,233.15,cancelled
1339,483,2026-04-20,30.73,completed
1340,483,2026-03-07,47.76,completed
1341,484,2025-10-06,166.93,refunded
1342,484,2025-10-08,72.01,completed
1343,484,2026-01-03,103.56,completed
1344,484,2025-08-31,24.62,completed
1345,484,2026-06-28,41.99,completed
1346,484,2025-12-29,116.16,completed
1347,484,2025-08-13,34.02,completed
1348,484,2026-05-10,17.73,completed
1349,485,2026-05-27,14.25,completed
1350,485,2026-04-30,51.37,completed
1351,485,2026-06-06,50.5,completed
1352,485,2026-05-15,48.01,completed
1353,487,2025-10-30,175.61,completed
1354,487,2026-02-09,19.33,completed
1355,487,2026-03-10,40.12,completed
1356,487,2026-04-21,83.42,completed
1357,487,2026-05-30,11.21,completed
1358,487,2026-05-28,73.17,completed
1359,487,2025-10-08,87.63,completed
1360,487,2025-07-17,107.03,completed
1361,488,2026-01-30,70.39,completed
1362,489,2026-04-03,142.18,completed
1363,489,2025-11-04,59.08,completed
1364,490,2026-01-16,87.91,cancelled
1365,490,2026-06-03,49.73,completed
1366,491,2026-04-03,127.89,completed
1367,491,2025-12-13,73.19,completed
1368,491,2026-05-10,22.78,completed
1369,491,2026-04-01,78.61,completed
1370,492,2026-03-10,123.52,completed
1371,493,2026-01-19,35.14,completed
1372,493,2026-05-15,18.33,completed
1373,494,2025-12-27,24.98,completed
1374,494,2026-04-01,29.05,completed
1375,494,2026-04-04,50.52,completed
1376,494,2025-10-30,99.73,completed
1377,494,2025-10-20,59.14,completed
1378,494,2025-10-20,62.31,completed
1379,494,2025-12-05,40.06,completed
1380,494,2025-11-16,92.67,completed
1381,495,2026-06-17,112.69,completed
1382,495,2026-03-31,121.69,completed
1383,496,2026-01-05,31.18,refunded
1384,497,2025-08-16,55.79,completed
1385,498,2026-06-02,83.73,completed
1386,499,2026-04-07,47.19,completed
1387,499,2025-10-01,190.93,completed
1388,500,2025-11-22,62.0,completed
1389,500,2026-03-28,27.11,completed
1390,501,2025-09-25,47.72,completed
1391,501,2026-05-21,79.45,completed
1392,501,2025-07-04,73.71,completed
1393,501,2026-03-16,51.78,completed
1394,502,2026-04-16,162.37,completed
1395,503,2026-06-30,42.14,completed
1396,504,2026-04-30,103.51,completed
1397,504,2025-12-01,40.24,completed
1398,504,2026-03-21,48.87,completed
1399,504,2026-03-19,87.26,completed
1400,504,2026-02-24,115.01,completed
1401,504,2025-11-15,17.54,cancelled
1402,504,2026-05-20,213.91,refunded
1403,504,2026-02-26,72.86,completed
1404,505,2025-09-05,24.19,completed
1405,505,2025-07-11,11.88,completed
1406,505,2026-02-24,5.42,completed
1407,505,2025-12-13,76.08,completed
1408,506,2025-10-19,160.26,completed
1409,506,2025-12-21,116.88,completed
1410,507,2026-03-22,52.33,completed
1411,507,2026-02-13,41.25,refunded
1412,507,2026-05-25,48.77,completed
1413,507,2026-05-29,15.19,completed
1414,507,2026-05-20,104.82,completed
1415,507,2026-01-29,30.17,completed
1416,507,2026-01-17,13.69,completed
1417,507,2026-02-07,26.38,completed
1418,508,2026-01-15,56.57,completed
1419,508,2025-12-06,197.01,cancelled
1420,509,2026-04-28,57.39,completed
1421,509,2026-05-03,30.82,completed
1422,509,2025-08-02,425.88,completed
1423,509,2025-09-06,60.98,completed
1424,510,2025-11-01,27.05,completed
1425,510,2026-04-01,42.41,completed
1426,510,2026-03-15,139.54,completed
1427,510,2025-09-02,62.43,completed
1428,511,2026-04-12,178.02,completed
1429,511,2026-02-24,67.07,completed
1430,512,2025-10-17,149.73,completed
1431,512,2025-12-20,57.05,completed
1432,513,2026-06-19,107.37,completed
1433,514,2026-06-26,69.28,completed
1434,514,2026-03-18,149.91,completed
1435,515,2026-06-17,39.37,refunded
1436,516,2026-04-01,18.13,refunded
1437,517,2026-02-28,102.47,completed
1438,517,2026-02-23,93.2,completed
1439,517,2026-03-15,80.49,completed
1440,517,2025-07-04,25.04,completed
1441,518,2026-03-12,33.67,completed
1442,518,2026-01-02,39.0,completed
1443,518,2025-10-27,100.24,completed
1444,518,2025-09-22,83.17,completed
1445,519,2025-08-07,15.91,completed
1446,520,2025-08-04,33.93,completed
1447,521,2026-03-31,58.49,completed
1448,521,2026-01-19,33.93,completed
1449,523,2026-01-12,168.95,completed
1450,523,2026-01-22,31.11,completed
1451,523,2026-03-28,115.25,completed
1452,523,2026-05-18,93.59,cancelled
1453,524,2025-10-15,39.38,completed
1454,524,2025-12-07,86.14,completed
1455,525,2026-04-27,94.72,completed
1456,526,2025-12-25,41.45,completed
1457,526,2026-04-25,77.53,cancelled
1458,526,2026-04-24,60.31,refunded
1459,526,2025-11-13,134.38,completed
1460,527,2025-07-29,57.07,completed
1461,528,2026-05-16,106.19,completed
1462,528,2026-06-11,36.27,completed
1463,529,2026-01-12,42.25,completed
1464,531,2026-01-17,56.34,completed
1465,531,2025-11-12,48.14,completed
1466,532,2026-04-15,69.37,completed
1467,533,2025-11-07,102.31,completed
1468,533,2026-02-09,31.88,completed
1469,534,2026-01-21,134.38,completed
1470,534,2026-01-20,86.39,completed
1471,534,2025-10-11,36.6,completed
1472,534,2025-09-28,121.35,completed
1473,534,2025-10-05,142.39,completed
1474,534,2025-09-15,42.04,completed
1475,534,2026-04-17,43.31,completed
1476,534,2025-12-18,48.27,completed
1477,535,2026-04-21,114.7,completed
1478,536,2026-04-15,99.08,completed
1479,537,2026-04-04,57.76,completed
1480,537,2025-09-13,58.67,completed
1481,538,2026-04-09,88.81,completed
1482,538,2026-01-27,74.87,completed
1483,538,2026-04-01,317.19,completed
1484,538,2026-05-29,26.78,completed
1485,539,2026-04-05,28.05,completed
1486,539,2026-03-12,15.74,completed
1487,539,2026-05-29,38.94,cancelled
1488,539,2026-06-24,30.19,completed
1489,540,2026-01-24,58.71,completed
1490,540,2025-12-30,56.12,completed
1491,540,2025-07-22,49.12,completed
1492,540,2025-09-29,30.22,completed
1493,540,2025-12-20,65.19,cancelled
1494,540,2025-08-15,12.13,completed
1495,540,2026-06-11,79.19,completed
1496,540,2025-07-26,93.82,completed
1497,541,2026-04-25,29.33,completed
1498,541,2026-02-27,44.49,cancelled
1499,541,2025-12-03,79.84,completed
1500,541,2025-10-10,57.51,completed
1501,544,2026-03-10,42.28,completed
1502,544,2026-06-20,90.63,completed
1503,546,2026-05-29,95.97,completed
1504,547,2025-12-31,44.26,completed
1505,547,2026-06-30,70.38,completed
1506,548,2025-12-12,103.9,refunded
1507,548,2026-03-08,130.88,completed
1508,548,2026-01-10,68.2,completed
1509,548,2025-08-22,128.69,completed
1510,550,2026-05-02,51.41,completed
1511,551,2026-06-09,42.13,completed
1512,551,2026-06-27,96.43,refunded
1513,551,2026-06-27,72.52,completed
1514,551,2026-06-17,17.25,completed
1515,552,2026-01-26,34.93,completed
1516,552,2026-02-22,17.87,completed
1517,553,2026-05-17,51.79,completed
1518,554,2026-05-08,93.53,completed
1519,556,2026-01-12,29.0,completed
1520,557,2026-01-30,78.61,completed
1521,557,2026-01-14,16.64,completed
1522,557,2026-05-29,71.62,completed
1523,557,2026-04-27,48.99,completed
1524,558,2026-01-17,112.48,completed
1525,559,2026-01-19,30.73,completed
1526,559,2026-02-13,145.88,completed
1527,559,2025-08-06,47.04,completed
1528,559,2025-10-27,29.93,refunded
1529,559,2025-08-06,41.78,completed
1530,559,2026-05-09,82.18,completed
1531,559,2025-12-01,92.01,completed
1532,559,2025-08-17,42.96,completed
1533,560,2026-03-10,67.26,completed
1534,561,2026-01-01,154.11,completed
1535,562,2025-12-23,57.4,completed
1536,563,2026-01-31,178.45,completed
1537,563,2026-04-23,53.75,completed
1538,563,2026-05-29,78.57,completed
1539,563,2026-04-17,51.58,completed
1540,563,2026-05-29,22.49,completed
1541,563,2026-05-03,75.78,refunded
1542,563,2026-05-17,163.87,completed
1543,563,2026-04-09,163.75,cancelled
1544,564,2025-11-15,24.41,completed
1545,564,2026-01-05,69.36,cancelled
1546,565,2026-05-17,17.76,completed
1547,565,2025-10-31,92.42,completed
1548,565,2026-04-15,71.37,completed
1549,565,2025-10-08,26.59,completed
1550,565,2026-05-26,75.74,completed
1551,565,2025-12-06,148.4,completed
1552,565,2026-06-05,33.74,completed
1553,565,2026-01-02,91.63,refunded
1554,566,2026-04-13,55.83,refunded
1555,566,2025-09-08,112.93,completed
1556,566,2025-10-21,78.42,completed
1557,566,2026-03-14,45.77,completed
1558,567,2025-12-14,106.24,cancelled
1559,567,2025-10-06,88.22,completed
1560,568,2026-06-16,147.13,completed
1561,568,2026-03-27,16.44,completed
1562,569,2026-04-20,52.97,completed
1563,570,2026-06-17,31.37,completed
1564,570,2026-05-24,19.39,completed
1565,571,2025-12-11,67.82,refunded
1566,571,2026-06-19,24.36,completed
1567,571,2025-08-14,153.62,completed
1568,571,2026-03-16,79.2,completed
1569,572,2026-05-06,127.75,completed
1570,572,2026-02-27,68.72,completed
1571,573,2026-05-26,18.89,completed
1572,573,2025-10-22,52.17,refunded
1573,574,2025-10-12,113.29,completed
1574,574,2026-01-18,62.9,completed
1575,574,2026-03-26,53.73,completed
1576,574,2026-03-21,53.92,completed
1577,574,2025-11-23,61.77,refunded
1578,574,2025-11-05,53.93,completed
1579,574,2026-04-10,15.99,completed
1580,574,2026-04-27,76.81,completed
1581,575,2026-02-15,82.65,completed
1582,575,2026-05-04,165.62,completed
1583,575,2026-04-30,24.54,completed
1584,575,2026-05-22,30.6,completed
1585,576,2026-04-01,57.64,completed
1586,576,2026-02-10,27.12,completed
1587,577,2025-12-17,387.26,refunded
1588,577,2025-09-14,114.41,completed
1589,577,2025-09-18,71.47,completed
1590,577,2025-12-21,114.87,completed
1591,578,2026-01-06,29.84,refunded
1592,580,2025-11-30,40.86,completed
1593,581,2026-02-12,27.76,completed
1594,581,2025-11-22,125.06,completed
1595,581,2026-04-30,27.26,completed
1596,581,2026-02-04,80.62,completed
1597,582,2026-02-05,172.21,completed
1598,582,2026-05-05,102.79,completed
1599,583,2026-01-02,68.08,completed
1600,583,2025-09-28,32.58,completed
1601,583,2025-09-09,101.74,refunded
1602,583,2025-11-24,105.55,completed
1603,583,2025-12-03,20.52,completed
1604,583,2026-02-06,26.54,completed
1605,583,2026-04-28,201.05,completed
1606,583,2025-09-05,148.05,completed
1607,585,2026-02-03,70.59,completed
1608,585,2026-06-26,62.17,completed
1609,585,2025-07-21,15.19,completed
1610,585,2025-10-10,105.11,completed
1611,586,2026-01-22,100.46,completed
1612,587,2025-07-02,212.24,completed
1613,587,2025-11-27,43.37,completed
1614,587,2026-01-20,80.51,completed
1615,587,2025-08-09,35.06,cancelled
1616,587,2026-03-26,57.2,cancelled
1617,587,2026-04-17,128.99,completed
1618,587,2026-03-07,148.94,completed
1619,587,2026-05-02,22.64,completed
1620,588,2025-11-09,29.95,completed
1621,588,2026-06-27,49.47,completed
1622,588,2025-08-19,119.01,completed
1623,588,2026-04-23,84.85,completed
1624,588,2026-06-24,70.77,completed
1625,588,2025-07-26,20.32,completed
1626,588,2025-11-14,185.39,completed
1627,588,2026-04-25,90.96,completed
1628,590,2025-07-25,52.05,completed
1629,591,2025-07-11,114.27,completed
1630,592,2025-08-11,84.5,completed
1631,592,2026-03-26,58.32,completed
1632,594,2026-02-13,42.94,completed
1633,594,2025-08-14,123.45,completed
1634,594,2025-09-12,102.9,completed
1635,594,2025-07-07,36.01,cancelled
1636,594,2025-09-16,33.44,completed
1637,594,2026-06-28,18.35,completed
1638,594,2026-06-30,31.4,completed
1639,594,2026-03-16,34.36,completed
1640,595,2025-12-21,73.08,completed
1641,596,2025-12-11,93.15,completed
1642,597,2026-04-16,92.61,completed
1643,597,2025-09-21,37.76,completed
1644,599,2026-01-02,53.72,completed
1645,599,2026-02-23,48.87,completed
1646,599,2025-12-12,78.52,completed
1647,599,2025-08-18,46.26,cancelled
1648,602,2025-11-16,59.48,completed
1649,602,2026-02-11,16.67,completed
1650,603,2026-02-03,44.33,completed
1651,605,2026-03-30,21.51,completed
1652,606,2025-09-04,70.19,completed
1653,606,2025-12-14,29.74,completed
1654,606,2026-04-09,46.01,completed
1655,606,2026-05-14,37.64,completed
1656,607,2025-09-29,46.84,cancelled
1657,607,2026-01-04,55.3,completed
1658,607,2025-10-11,132.51,completed
1659,607,2025-10-23,67.3,completed
1660,608,2025-10-28,57.28,cancelled
1661,608,2026-06-13,24.36,completed
1662,609,2025-07-24,44.76,completed
1663,609,2026-05-20,44.34,completed
1664,610,2025-12-29,25.77,completed
1665,610,2025-07-02,116.48,completed
1666,611,2026-06-25,50.64,completed
1667,611,2026-05-27,39.72,completed
1668,612,2025-12-13,186.64,completed
1669,613,2025-12-20,67.47,completed
1670,613,2026-05-17,55.84,completed
1671,613,2026-01-02,38.36,completed
1672,613,2026-01-30,52.45,completed
1673,614,2026-02-22,87.58,completed
1674,614,2025-07-09,91.16,completed
1675,614,2025-07-22,60.69,completed
1676,614,2025-07-19,14.1,completed
1677,615,2026-06-18,47.5,completed
1678,615,2026-05-08,84.47,completed
1679,615,2026-05-13,33.56,completed
1680,615,2026-05-14,35.95,completed
1681,616,2025-09-01,60.84,completed
1682,617,2026-03-17,26.9,completed
1683,617,2026-06-06,141.81,completed
1684,617,2025-12-24,122.39,completed
1685,617,2025-12-02,153.69,completed
1686,618,2026-01-06,33.7,completed
1687,618,2025-12-23,55.4,cancelled
1688,618,2026-01-15,19.74,completed
1689,618,2026-03-14,119.93,completed
1690,618,2026-06-12,33.81,completed
1691,618,2026-02-02,46.46,refunded
1692,618,2026-03-11,22.11,cancelled
1693,618,2026-03-28,49.09,completed
1694,619,2026-05-16,56.11,completed
1695,620,2026-06-27,107.8,completed
1696,620,2026-04-19,28.09,completed
1697,622,2026-05-04,73.19,completed
1698,622,2026-04-24,44.59,completed
1699,623,2026-05-21,53.67,completed
1700,624,2025-08-22,126.17,completed
1701,624,2025-10-28,19.51,completed
1702,625,2026-03-26,64.88,completed
1703,625,2025-10-02,77.65,completed
1704,625,2025-10-27,102.22,completed
1705,625,2025-11-29,84.05,completed
1706,626,2025-10-31,114.16,completed
1707,626,2025-10-18,36.24,completed
1708,626,2025-08-23,143.42,completed
1709,626,2025-10-20,184.6,completed
1710,627,2025-10-01,53.81,completed
1711,627,2026-06-24,37.28,completed
1712,629,2026-02-04,38.87,completed
1713,629,2026-01-27,178.16,completed
1714,629,2026-01-30,104.32,completed
1715,629,2025-09-05,34.12,completed
1716,629,2025-10-25,75.69,completed
1717,629,2026-01-30,17.16,completed
1718,629,2026-04-05,47.53,completed
1719,629,2025-09-10,36.67,completed
1720,630,2026-04-20,65.41,completed
1721,630,2026-03-29,37.12,completed
1722,630,2026-02-01,230.29,completed
1723,630,2026-04-21,42.86,completed
1724,631,2026-06-09,40.45,completed
1725,632,2026-04-20,88.33,completed
1726,633,2026-03-08,61.59,completed
1727,633,2026-06-29,76.07,completed
1728,633,2026-05-28,35.53,completed
1729,633,2026-02-24,69.4,completed
1730,634,2026-04-10,51.63,completed
1731,634,2025-12-17,96.43,completed
1732,634,2026-04-27,193.0,completed
1733,634,2026-04-12,18.71,completed
1734,636,2025-10-28,55.09,completed
1735,636,2026-06-15,144.52,completed
1736,636,2026-03-24,119.57,completed
1737,636,2025-11-04,77.54,completed
1738,638,2026-03-20,124.56,completed
1739,639,2026-06-25,35.88,completed
1740,639,2026-02-23,45.44,completed
1741,639,2026-05-17,73.4,completed
1742,639,2026-03-20,30.58,completed
1743,639,2026-05-10,121.38,completed
1744,639,2026-02-21,14.35,cancelled
1745,639,2026-05-26,106.48,completed
1746,639,2026-04-15,162.44,completed
1747,640,2025-09-24,37.34,completed
1748,640,2025-09-28,61.61,completed
1749,641,2026-02-11,59.0,completed
1750,641,2026-06-13,23.71,completed
1751,642,2026-06-06,71.0,completed
1752,643,2025-10-30,49.57,completed
1753,643,2025-11-11,53.59,completed
1754,644,2025-08-13,32.61,completed
1755,646,2026-06-26,100.01,completed
1756,647,2026-05-29,38.85,completed
1757,648,2026-01-13,41.1,completed
1758,649,2026-05-19,41.92,completed
1759,649,2026-05-08,86.7,completed
1760,649,2026-06-22,37.4,completed
1761,649,2026-01-05,57.96,refunded
1762,649,2026-02-25,95.61,completed
1763,649,2026-04-15,118.74,completed
1764,649,2026-05-15,80.17,completed
1765,649,2026-02-21,33.63,completed
1766,650,2026-01-17,42.43,completed
1767,650,2026-03-04,43.04,completed
1768,650,2025-11-02,59.74,completed
1769,650,2025-12-11,28.29,completed
1770,650,2026-03-31,43.16,completed
1771,650,2026-05-05,22.54,completed
1772,650,2026-03-09,72.27,completed
1773,650,2025-11-07,41.83,completed
1774,651,2026-02-21,27.58,completed
1775,652,2026-06-05,86.8,completed
1776,652,2025-12-31,41.92,completed
1777,652,2026-04-10,116.33,completed
1778,652,2026-02-04,34.79,completed
1779,652,2026-04-14,60.25,completed
1780,652,2026-06-29,213.4,completed
1781,652,2025-09-26,49.16,completed
1782,652,2026-04-28,61.61,completed
1783,653,2026-06-19,92.14,completed
1784,653,2025-11-19,30.78,completed
1785,655,2026-02-13,35.73,completed
1786,657,2026-02-28,33.01,completed
1787,657,2026-04-10,44.33,completed
1788,657,2026-05-01,20.9,refunded
1789,657,2026-02-16,66.83,completed
1790,658,2026-05-20,39.23,refunded
1791,658,2026-06-29,142.62,completed
1792,658,2026-06-19,29.23,completed
1793,658,2026-06-29,31.66,completed
1794,658,2026-05-27,77.98,completed
1795,658,2026-06-01,55.62,completed
1796,658,2026-06-20,53.88,completed
1797,658,2026-06-08,41.6,completed
1798,659,2026-01-30,142.81,completed
1799,659,2026-05-22,78.41,completed
1800,659,2026-04-26,102.55,completed
1801,659,2026-03-29,97.44,completed
1802,660,2025-07-21,185.1,completed
1803,660,2026-04-27,41.69,completed
1804,660,2026-06-15,69.48,completed
1805,660,2025-10-03,116.93,completed
1806,660,2025-12-01,84.52,completed
1807,660,2026-04-17,90.36,completed
1808,660,2026-03-22,85.77,completed
1809,660,2026-06-27,83.7,completed
1810,661,2026-01-18,22.6,refunded
1811,661,2025-07-10,19.25,completed
1812,662,2026-06-11,147.35,completed
1813,663,2026-03-14,25.1,completed
1814,663,2026-04-14,195.73,completed
1815,664,2025-10-17,51.43,completed
1816,665,2026-06-07,79.15,completed
1817,665,2026-06-01,50.29,completed
1818,665,2026-05-08,51.5,completed
1819,665,2026-06-18,19.26,completed
1820,665,2026-05-22,136.6,completed
1821,665,2026-06-06,69.9,refunded
1822,665,2026-06-01,83.75,cancelled
1823,665,2026-06-14,38.48,completed
1824,666,2026-05-09,45.92,completed
1825,666,2026-02-26,40.93,completed
1826,667,2026-03-02,77.67,cancelled
1827,667,2025-10-18,16.9,refunded
1828,667,2026-04-02,43.17,completed
1829,667,2025-11-02,24.74,completed
1830,667,2026-01-21,63.02,completed
1831,667,2026-05-17,39.6,completed
1832,667,2025-08-25,123.48,completed
1833,667,2025-11-30,135.88,completed
1834,669,2026-01-05,39.42,completed
1835,669,2025-11-28,39.22,completed
1836,669,2026-06-13,58.32,completed
1837,669,2026-05-10,165.25,completed
1838,670,2025-07-31,7.06,completed
1839,670,2025-09-14,20.31,completed
1840,670,2025-08-06,155.25,completed
1841,670,2025-07-26,14.37,completed
1842,671,2026-04-25,79.49,completed
1843,672,2026-06-17,35.87,completed
1844,672,2025-11-20,54.69,completed
1845,672,2025-12-23,29.65,completed
1846,672,2026-01-22,95.8,completed
1847,673,2025-10-16,45.27,completed
1848,673,2025-07-03,24.84,completed
1849,673,2026-04-19,155.3,completed
1850,673,2025-12-27,62.16,completed
1851,674,2025-09-03,64.05,completed
1852,675,2025-12-01,82.32,completed
1853,675,2026-06-24,45.04,completed
1854,676,2025-09-28,43.72,completed
1855,676,2025-08-14,18.24,completed
1856,676,2025-09-22,69.17,completed
1857,676,2026-06-23,73.22,completed
1858,677,2026-01-18,99.12,completed
1859,677,2025-09-22,47.67,completed
1860,681,2026-05-20,31.35,completed
1861,682,2026-01-08,44.33,completed
1862,683,2026-03-05,13.95,completed
1863,685,2026-05-14,119.22,completed
1864,686,2026-06-02,151.82,completed
1865,687,2026-05-29,22.55,completed
1866,687,2026-01-29,53.52,completed
1867,688,2026-05-27,40.74,completed
1868,688,2026-06-26,49.34,completed
1869,689,2026-04-19,34.25,completed
1870,689,2026-04-06,55.21,completed
1871,691,2025-11-02,36.39,completed
1872,692,2025-08-09,108.78,completed
1873,692,2026-03-25,109.82,completed
1874,692,2025-07-28,46.83,completed
1875,692,2025-10-05,83.91,completed
1876,693,2026-06-27,42.76,completed
1877,693,2026-04-12,60.19,completed
1878,693,2026-06-20,18.94,completed
1879,693,2026-03-31,192.79,completed
1880,693,2026-04-02,122.59,completed
1881,693,2026-04-01,18.26,refunded
1882,693,2026-04-03,29.31,completed
1883,693,2026-05-01,31.32,completed
1884,694,2026-03-09,65.62,completed
1885,694,2026-06-19,20.46,completed
1886,695,2025-10-22,261.95,completed
1887,695,2026-03-19,172.31,completed
1888,695,2025-10-13,94.58,completed
1889,695,2025-11-24,52.42,completed
1890,695,2025-11-02,28.2,completed
1891,695,2025-09-12,26.73,completed
1892,695,2025-08-23,241.21,completed
1893,695,2026-04-09,234.91,completed
1894,697,2025-10-09,148.3,completed
1895,697,2026-04-24,100.01,completed
1896,697,2025-10-27,72.7,refunded
1897,697,2025-12-16,71.83,completed
1898,698,2026-03-21,87.58,completed
1899,698,2026-06-05,122.48,completed
1900,698,2025-11-23,81.94,cancelled
1901,698,2025-11-20,32.38,completed
1902,699,2026-03-30,161.15,completed
1903,699,2025-08-14,15.54,completed
1904,699,2026-04-13,31.33,completed
1905,699,2025-12-22,43.02,completed
1906,699,2026-06-18,81.57,refunded
1907,699,2026-05-25,180.39,completed
1908,699,2026-05-02,84.42,completed
1909,699,2025-10-08,67.6,completed
1910,700,2026-05-25,24.78,completed
1911,700,2026-01-22,32.23,completed
1912,700,2026-02-08,34.81,completed
1913,700,2026-02-08,68.44,completed
1914,701,2026-06-08,21.81,completed
1915,701,2026-02-04,74.73,completed
1916,701,2026-02-15,72.52,completed
1917,701,2026-03-12,290.98,completed
1918,701,2025-12-30,183.0,completed
1919,701,2026-05-19,115.49,refunded
1920,701,2026-02-21,38.61,completed
1921,701,2026-03-10,48.44,completed
1922,702,2025-07-06,35.8,completed
1923,702,2025-07-14,63.58,completed
1924,702,2026-05-19,108.46,completed
1925,702,2026-06-24,37.43,completed
1926,702,2025-12-06,27.13,completed
1927,702,2026-03-08,37.31,completed
1928,702,2026-06-21,32.62,completed
1929,702,2026-04-02,82.09,completed
1930,703,2026-03-29,160.0,completed
1931,703,2026-03-21,28.06,completed
1932,705,2026-06-02,68.38,completed
1933,705,2026-05-13,32.3,completed
1934,705,2026-05-16,42.35,refunded
1935,705,2026-05-16,90.28,completed
1936,706,2026-06-26,7.2,completed
1937,706,2025-09-26,50.87,completed
1938,706,2025-11-12,33.35,completed
1939,706,2026-06-22,36.75,completed
1940,707,2025-12-04,65.15,completed
1941,707,2026-03-16,14.44,completed
1942,708,2026-04-19,52.14,completed
1943,709,2026-05-20,91.5,completed
1944,709,2026-06-20,49.45,completed
1945,711,2025-12-03,47.19,completed
1946,712,2025-09-07,201.08,completed
1947,712,2026-03-25,23.98,completed
1948,712,2026-06-04,129.75,completed
1949,712,2025-12-13,47.84,refunded
1950,713,2026-01-30,76.02,refunded
1951,715,2026-04-19,54.19,completed
1952,715,2026-06-08,25.3,completed
1953,715,2026-04-05,107.2,completed
1954,715,2025-10-21,63.62,completed
1955,715,2025-09-14,98.08,completed
1956,715,2026-02-09,103.41,completed
1957,715,2026-04-16,59.12,completed
1958,715,2025-08-17,127.67,completed
1959,717,2026-06-26,25.65,completed
1960,718,2026-06-05,34.2,completed
1961,718,2026-02-01,20.11,completed
1962,718,2026-04-11,33.69,completed
1963,718,2025-12-23,36.34,completed
1964,718,2026-02-13,19.29,completed
1965,718,2026-05-16,227.98,completed
1966,718,2026-05-10,43.5,completed
1967,718,2026-01-15,57.15,completed
1968,720,2026-05-17,36.5,completed
1969,720,2025-12-09,78.75,completed
1970,720,2025-11-20,22.17,completed
1971,720,2025-12-28,36.94,completed
1972,722,2026-01-18,84.81,refunded
1973,722,2025-11-03,77.58,completed
1974,722,2026-05-07,123.38,completed
1975,722,2025-10-08,44.02,completed
1976,723,2025-10-09,77.34,completed
1977,723,2025-12-31,43.75,completed
1978,723,2026-02-11,55.42,completed
1979,723,2026-01-10,137.54,completed
1980,723,2026-04-09,43.99,completed
1981,723,2025-11-18,88.89,completed
1982,723,2025-08-10,42.71,completed
1983,723,2026-02-13,35.82,completed
1984,724,2026-05-17,115.14,cancelled
1985,724,2025-12-30,31.16,completed
1986,724,2026-02-14,149.89,completed
1987,724,2026-04-03,211.47,cancelled
1988,725,2026-01-04,36.11,completed
1989,725,2026-02-26,83.1,completed
1990,725,2026-06-16,89.22,completed
1991,725,2026-04-13,138.99,completed
1992,726,2026-05-20,21.82,completed
1993,726,2026-05-16,58.31,completed
1994,726,2026-05-10,20.05,completed
1995,726,2026-05-09,20.23,completed
1996,727,2026-01-07,31.15,completed
1997,727,2025-07-16,35.93,completed
1998,728,2026-02-26,34.92,completed
1999,729,2026-03-01,27.09,completed
2000,729,2025-08-16,28.58,completed
2001,730,2026-05-09,58.89,completed
2002,730,2026-06-27,71.87,completed
2003,730,2026-02-03,74.87,completed
2004,730,2026-01-21,190.67,completed
2005,730,2026-03-03,82.34,completed
2006,730,2026-04-01,20.62,refunded
2007,730,2026-05-12,42.99,completed
2008,730,2026-04-07,26.04,completed
2009,731,2025-08-30,82.78,completed
2010,731,2025-12-11,40.57,refunded
2011,731,2026-02-05,30.9,completed
2012,731,2025-11-13,33.3,completed
2013,732,2026-01-24,95.8,completed
2014,732,2026-05-29,42.61,completed
2015,733,2026-01-24,34.22,completed
2016,733,2025-09-08,54.13,completed
2017,733,2026-05-21,52.0,completed
2018,733,2026-03-13,133.53,completed
2019,733,2025-12-13,32.74,completed
2020,733,2025-11-17,54.2,completed
2021,733,2026-06-19,90.45,refunded
2022,733,2026-05-14,255.09,completed
2023,734,2026-04-04,148.74,completed
2024,735,2026-02-04,159.45,completed
2025,736,2025-12-02,26.04,completed
2026,736,2026-03-07,59.11,completed
2027,737,2026-05-17,87.96,completed
2028,737,2026-06-02,7.03,completed
2029,737,2026-06-15,51.36,completed
2030,737,2026-06-30,75.44,refunded
2031,737,2026-04-03,83.74,completed
2032,737,2026-03-22,77.97,completed
2033,737,2026-04-22,68.89,completed
2034,737,2026-04-08,46.05,completed
2035,739,2025-09-03,43.33,refunded
2036,740,2026-01-19,113.04,completed
2037,740,2026-02-21,71.73,completed
2038,741,2025-10-03,108.29,completed
2039,741,2026-04-07,99.63,completed
2040,741,2025-11-28,85.11,completed
2041,741,2025-07-03,38.37,completed
2042,742,2025-09-26,105.58,completed
2043,742,2025-08-28,58.2,completed
2044,742,2026-03-27,34.98,completed
2045,742,2025-07-18,29.75,refunded
2046,742,2025-12-27,67.75,completed
2047,742,2026-05-29,17.45,completed
2048,742,2026-04-12,45.65,completed
2049,742,2026-05-27,41.97,completed
2050,744,2026-02-24,56.19,completed
2051,744,2026-02-15,42.91,completed
2052,744,2026-06-29,41.22,completed
2053,744,2026-03-17,65.98,completed
2054,745,2025-07-07,32.09,completed
2055,745,2026-05-25,85.32,completed
2056,747,2025-10-22,9.86,completed
2057,747,2026-06-10,62.6,cancelled
2058,747,2026-05-13,20.13,completed
2059,747,2025-11-23,27.78,completed
2060,747,2026-06-13,80.08,refunded
2061,747,2026-03-31,175.45,completed
2062,747,2026-05-04,96.76,completed
2063,747,2026-01-06,54.38,completed
2064,748,2025-08-10,87.61,completed
2065,748,2026-05-19,56.36,completed
2066,749,2025-09-28,26.41,refunded
2067,749,2026-05-02,18.24,completed
2068,749,2026-06-20,123.46,completed
2069,749,2026-04-17,23.24,completed
2070,749,2026-06-28,141.9,completed
2071,749,2025-09-20,75.84,completed
2072,749,2025-10-12,55.46,completed
2073,749,2026-06-28,95.47,completed
2074,750,2026-06-29,42.74,completed
2075,751,2026-06-14,33.5,completed
2076,751,2026-06-20,50.29,completed
2077,751,2026-05-25,67.05,completed
2078,751,2026-05-28,78.68,refunded
2079,751,2026-05-27,14.2,completed
2080,751,2026-05-21,39.81,completed
2081,751,2026-05-13,73.14,completed
2082,751,2026-06-07,12.27,completed
2083,752,2025-12-27,184.53,completed
2084,752,2026-05-17,26.63,completed
2085,752,2026-06-30,75.71,completed
2086,752,2026-01-03,65.01,completed
2087,752,2026-06-02,9.27,completed
2088,752,2026-03-22,53.36,completed
2089,752,2026-04-04,61.21,completed
2090,752,2026-01-28,63.25,completed
2091,753,2026-06-01,105.01,completed
2092,754,2026-04-04,146.67,cancelled
2093,754,2026-06-05,95.61,completed
2094,754,2026-04-15,79.05,completed
2095,754,2026-05-09,17.63,completed
2096,755,2026-06-08,38.28,completed
2097,756,2026-03-17,92.72,completed
2098,756,2026-03-02,77.6,completed
2099,757,2026-03-26,71.09,completed
2100,758,2025-08-07,52.42,completed
2101,758,2026-02-20,33.83,completed
2102,758,2026-05-20,35.82,completed
2103,758,2025-10-13,63.8,completed
2104,759,2026-02-10,68.47,completed
2105,760,2025-07-27,36.95,completed
2106,760,2025-08-18,20.86,completed
2107,761,2026-01-20,60.33,refunded
2108,761,2026-02-03,57.96,completed
2109,761,2026-04-07,56.81,completed
2110,761,2026-05-11,115.25,completed
2111,763,2025-10-26,54.24,completed
2112,764,2026-05-16,56.97,refunded
2113,764,2026-04-19,80.24,completed
2114,764,2025-09-28,18.66,completed
2115,764,2025-07-20,43.64,completed
2116,765,2025-08-01,102.23,completed
2117,765,2026-02-07,16.96,completed
2118,765,2025-10-14,39.55,completed
2119,765,2026-04-22,47.8,completed
2120,766,2026-06-09,70.53,completed
2121,766,2026-06-05,107.64,completed
2122,766,2026-06-24,24.89,completed
2123,766,2026-06-25,12.57,completed
2124,766,2026-06-08,43.36,refunded
2125,766,2026-06-09,92.01,completed
2126,766,2026-06-28,42.33,completed
2127,766,2026-06-16,24.31,completed
2128,768,2026-03-31,226.78,completed
2129,768,2026-03-12,89.57,cancelled
2130,768,2026-02-27,80.69,completed
2131,768,2025-12-19,159.87,completed
2132,770,2025-11-05,30.41,completed
2133,771,2026-06-26,62.84,completed
2134,771,2026-06-14,11.5,completed
2135,772,2025-07-08,48.69,completed
2136,772,2025-12-02,51.07,completed
2137,773,2025-12-02,179.72,completed
2138,774,2026-01-06,43.47,completed
2139,774,2026-01-25,66.99,completed
2140,776,2026-05-27,65.09,completed
2141,776,2026-02-26,147.46,completed
2142,776,2026-04-02,72.46,completed
2143,776,2025-07-25,63.87,completed
2144,776,2025-09-04,77.81,completed
2145,776,2026-01-22,53.8,completed
2146,776,2026-01-22,89.92,completed
2147,776,2025-12-05,56.75,completed
2148,778,2026-03-21,117.72,completed
2149,779,2025-08-25,63.0,completed
2150,779,2025-11-17,44.33,completed
2151,779,2025-08-26,28.21,completed
2152,779,2025-08-14,40.56,completed
2153,780,2026-05-09,71.51,refunded
2154,780,2026-01-12,39.89,completed
2155,780,2025-12-13,133.02,completed
2156,780,2026-04-30,33.24,completed
2157,781,2025-07-18,20.76,completed
2158,781,2025-08-07,17.63,completed
2159,781,2025-08-05,74.21,completed
2160,781,2026-05-17,21.82,completed
2161,782,2026-06-29,67.51,completed
2162,784,2026-01-21,61.69,completed
2163,784,2026-06-27,32.88,completed
2164,784,2026-01-11,14.5,completed
2165,784,2026-02-28,32.78,completed
2166,784,2025-07-31,20.27,refunded
2167,784,2026-04-29,74.11,completed
2168,784,2025-10-14,55.63,completed
2169,784,2025-10-09,171.49,completed
2170,786,2025-10-05,363.51,completed
2171,786,2026-03-16,46.84,completed
2172,786,2026-03-09,103.48,completed
2173,786,2026-05-23,46.27,refunded
2174,786,2025-12-01,42.7,completed
2175,786,2025-10-14,73.83,completed
2176,786,2026-02-16,87.6,completed
2177,786,2026-05-26,88.25,completed
2178,787,2025-12-01,83.13,completed
2179,787,2026-03-12,32.87,cancelled
2180,788,2026-06-06,12.88,completed
2181,788,2026-06-24,7.95,completed
2182,788,2026-06-11,79.77,completed
2183,788,2026-02-28,52.9,cancelled
2184,790,2025-07-27,184.52,completed
2185,791,2025-11-15,67.64,completed
2186,791,2026-06-14,56.22,completed
2187,792,2026-06-25,27.01,completed
2188,792,2026-05-07,23.54,completed
2189,793,2026-03-27,20.23,completed
2190,794,2025-10-12,25.39,completed
2191,794,2025-07-04,32.31,completed
2192,795,2025-07-27,34.46,completed
2193,796,2026-06-26,50.95,completed
2194,796,2026-01-04,32.08,cancelled
2195,797,2025-08-19,71.56,completed
2196,797,2025-09-27,30.36,completed
2197,797,2026-06-17,108.29,completed
2198,797,2026-05-22,39.38,completed
2199,799,2025-11-06,71.34,completed
2200,799,2025-12-27,76.5,completed
2201,799,2026-04-09,59.87,completed
2202,799,2026-04-14,41.78,completed
2203,800,2026-01-04,17.64,completed
2204,800,2026-02-17,78.89,completed
2205,800,2026-06-21,166.22,completed
2206,800,2026-05-05,42.28,completed
2207,800,2026-05-27,48.91,completed
2208,800,2026-01-25,45.83,completed
2209,800,2026-05-23,15.03,cancelled
2210,800,2026-06-06,183.05,completed
2211,801,2026-05-21,132.24,completed
2212,801,2026-02-11,135.29,completed
2213,801,2026-03-30,52.7,completed
2214,801,2026-03-17,20.37,completed
2215,801,2026-02-22,37.18,completed
2216,801,2026-02-13,80.69,completed
2217,801,2026-06-14,70.36,completed
2218,801,2026-02-17,128.26,completed
2219,802,2026-02-13,59.69,completed
2220,803,2026-06-01,77.37,completed
2221,803,2026-05-05,35.84,completed
2222,803,2026-05-09,46.73,completed
2223,803,2026-05-28,18.57,completed
2224,803,2026-05-26,14.39,completed
2225,803,2026-05-22,65.79,completed
2226,803,2026-06-23,53.03,completed
2227,803,2026-05-13,39.07,completed
2228,804,2026-03-22,74.89,completed
2229,805,2026-01-17,124.8,completed
2230,806,2025-10-26,48.34,completed
2231,806,2026-03-28,37.89,completed
2232,806,2025-10-19,134.43,completed
2233,806,2026-01-23,95.3,completed
2234,806,2025-12-08,70.65,completed
2235,806,2025-10-23,48.49,completed
2236,806,2026-01-31,73.66,completed
2237,806,2026-03-28,30.4,completed
2238,807,2026-05-20,16.8,completed
2239,807,2026-06-04,119.0,completed
2240,807,2026-06-01,12.74,completed
2241,807,2026-06-14,39.02,completed
2242,807,2026-06-24,40.84,completed
2243,807,2026-06-01,62.07,refunded
2244,807,2026-06-25,120.9,completed
2245,807,2026-06-05,17.99,cancelled
2246,808,2025-12-07,57.73,completed
2247,808,2026-02-28,29.18,completed
2248,808,2025-09-18,60.99,completed
2249,808,2026-04-25,82.08,completed
2250,808,2026-01-31,131.52,completed
2251,808,2026-06-16,37.74,completed
2252,808,2026-05-02,172.76,completed
2253,808,2026-06-23,48.38,completed
2254,809,2026-05-10,21.32,completed
2255,809,2026-05-08,38.22,completed
2256,809,2026-06-09,68.55,completed
2257,809,2026-05-25,44.16,completed
2258,810,2026-05-11,134.72,completed
2259,810,2026-03-23,84.96,completed
2260,811,2025-08-15,15.18,completed
2261,811,2026-05-12,77.83,completed
2262,812,2026-06-08,52.33,completed
2263,812,2026-02-08,21.43,refunded
2264,813,2026-03-14,63.66,refunded
2265,814,2026-05-29,44.68,completed
2266,815,2025-12-21,98.64,completed
2267,815,2026-03-14,46.29,completed
2268,816,2025-09-25,18.3,completed
2269,816,2025-10-05,100.24,completed
2270,817,2026-06-03,109.49,completed
2271,817,2026-06-15,22.7,completed
2272,817,2026-05-28,28.53,completed
2273,817,2026-06-01,27.04,completed
2274,818,2025-08-06,83.18,completed
2275,818,2025-08-21,71.79,completed
2276,818,2025-12-25,47.3,refunded
2277,818,2026-06-10,80.47,completed
2278,819,2025-08-12,48.82,refunded
2279,819,2025-11-26,52.71,completed
2280,820,2025-12-24,46.55,completed
2281,820,2026-05-14,34.53,completed
2282,820,2025-09-08,46.15,completed
2283,820,2026-03-19,119.37,completed
2284,820,2026-04-27,11.93,cancelled
2285,820,2025-11-14,98.3,completed
2286,820,2026-02-10,98.3,completed
2287,820,2026-03-11,102.69,completed
2288,821,2026-03-12,40.43,completed
2289,821,2025-11-11,21.52,completed
2290,821,2025-12-02,57.05,completed
2291,821,2025-10-26,25.35,completed
2292,821,2025-10-11,25.0,completed
2293,821,2026-01-16,90.01,completed
2294,821,2025-09-23,45.55,completed
2295,821,2025-11-07,18.35,completed
2296,822,2026-06-03,69.99,completed
2297,822,2026-06-30,32.68,completed
2298,823,2026-01-30,30.44,completed
2299,823,2025-12-01,20.01,completed
2300,823,2025-07-29,67.34,completed
2301,823,2026-01-26,107.44,completed
2302,823,2026-05-09,101.29,completed
2303,823,2025-10-20,45.8,completed
2304,823,2026-04-22,43.6,completed
2305,823,2025-11-23,47.78,completed
2306,824,2025-12-21,39.71,completed
2307,825,2025-09-05,43.24,completed
2308,826,2026-04-29,44.58,completed
2309,826,2025-09-01,50.91,completed
2310,826,2026-05-21,57.2,completed
2311,826,2025-09-03,39.45,completed
2312,827,2026-05-18,121.06,completed
2313,827,2026-06-03,65.86,completed
2314,827,2026-06-20,80.51,completed
2315,827,2026-06-11,55.47,completed
2316,828,2025-08-28,190.42,completed
2317,828,2026-01-01,17.94,completed
2318,829,2026-04-21,104.18,completed
2319,829,2026-01-17,179.68,completed
2320,830,2026-05-07,170.62,completed
2321,830,2026-05-07,24.01,completed
2322,832,2026-06-12,123.2,completed
2323,833,2026-03-11,73.65,completed
2324,833,2026-05-05,96.61,completed
2325,834,2025-12-19,160.1,completed
2326,834,2026-05-28,63.56,completed
2327,836,2026-03-10,124.54,completed
2328,838,2026-05-07,74.54,refunded
2329,839,2025-10-25,143.55,completed
2330,839,2025-10-10,51.18,completed
2331,840,2025-12-01,125.0,refunded
2332,841,2026-04-29,50.63,completed
2333,841,2026-04-25,99.2,completed
2334,842,2026-04-27,50.28,completed
2335,842,2026-05-06,25.51,completed
2336,842,2026-06-30,65.45,completed
2337,842,2026-04-20,182.62,completed
2338,842,2026-03-30,33.46,completed
2339,842,2026-03-15,18.37,refunded
2340,842,2026-03-10,32.02,completed
2341,842,2026-04-01,60.5,completed
2342,843,2026-05-10,68.18,completed
2343,844,2025-10-28,202.0,completed
2344,844,2025-11-18,16.07,completed
2345,845,2025-09-26,25.24,completed
2346,845,2026-01-20,64.13,completed
2347,846,2026-04-16,54.65,completed
2348,846,2026-05-27,50.03,completed
2349,846,2026-05-05,41.12,completed
2350,846,2026-06-27,123.71,completed
2351,847,2026-01-06,28.79,completed
2352,847,2026-05-29,88.54,completed
2353,849,2026-03-13,53.58,completed
2354,849,2026-06-24,81.11,completed
2355,850,2025-11-22,42.08,completed
2356,850,2025-10-03,34.45,completed
2357,851,2026-03-28,17.98,completed
2358,851,2025-10-09,18.27,completed
2359,851,2026-05-24,82.66,completed
2360,851,2026-06-03,97.35,completed
2361,852,2026-05-17,44.49,completed
2362,852,2026-05-29,33.98,completed
2363,853,2025-11-08,29.54,completed
2364,853,2026-05-08,32.1,completed
2365,854,2025-10-09,138.09,completed
2366,854,2026-01-04,61.81,completed
2367,854,2025-11-17,49.38,completed
2368,854,2025-12-03,36.91,completed
2369,854,2025-07-26,30.15,completed
2370,854,2026-03-12,204.4,cancelled
2371,854,2026-01-02,40.53,completed
2372,854,2026-02-24,66.69,completed
2373,855,2026-05-13,25.7,completed
2374,855,2025-10-12,68.37,completed
2375,855,2026-05-18,58.58,completed
2376,855,2026-04-28,92.34,refunded
2377,855,2026-02-21,42.88,completed
2378,855,2026-02-09,52.64,completed
2379,855,2025-12-29,39.21,completed
2380,855,2026-01-08,96.24,completed
2381,856,2025-07-07,42.26,completed
2382,857,2026-01-29,16.49,completed
2383,858,2026-02-03,95.17,completed
2384,858,2025-11-30,227.31,completed
2385,859,2026-01-03,50.75,completed
2386,859,2025-09-16,45.87,completed
2387,859,2026-02-14,47.55,completed
2388,859,2025-12-09,57.64,completed
2389,861,2025-09-22,74.31,completed
2390,861,2026-06-23,117.48,completed
2391,861,2026-05-21,79.13,completed
2392,861,2025-07-21,70.32,completed
2393,863,2026-02-26,50.29,completed
2394,863,2025-09-20,58.71,completed
2395,864,2026-03-19,59.94,completed
2396,864,2026-06-11,63.11,completed
2397,865,2026-03-21,114.53,completed
2398,866,2025-12-06,61.77,completed
2399,866,2026-06-02,44.22,completed
2400,867,2025-12-05,61.92,refunded
2401,867,2026-04-10,145.93,completed
2402,867,2026-03-17,22.68,completed
2403,867,2025-07-28,101.39,completed
2404,867,2026-04-27,24.91,completed
2405,867,2025-11-05,96.39,completed
2406,867,2026-04-04,32.51,completed
2407,867,2025-09-07,33.87,completed
2408,868,2025-07-28,35.85,completed
2409,869,2026-01-23,58.51,completed
2410,869,2025-10-18,70.41,completed
2411,869,2025-11-02,41.08,completed
2412,869,2026-03-16,53.84,completed
2413,870,2026-01-30,23.97,completed
2414,870,2026-05-20,34.03,completed
2415,870,2026-05-20,18.01,completed
2416,870,2026-05-03,106.15,completed
2417,871,2026-05-07,15.95,refunded
2418,872,2026-01-13,45.74,completed
2419,872,2025-11-28,143.71,refunded
2420,873,2025-09-14,46.36,completed
2421,873,2025-07-01,33.47,completed
2422,873,2025-12-01,49.72,completed
2423,873,2025-11-04,9.46,completed
2424,873,2026-03-15,41.44,completed
2425,873,2026-03-20,94.57,completed
2426,873,2025-11-11,117.82,completed
2427,873,2026-05-26,65.78,completed
2428,874,2026-06-12,14.55,cancelled
2429,874,2026-05-07,36.27,completed
2430,874,2025-12-08,62.4,completed
2431,874,2026-02-23,310.02,completed
2432,874,2026-03-07,60.56,completed
2433,874,2026-02-19,57.24,refunded
2434,874,2025-10-04,55.96,completed
2435,874,2026-04-22,100.79,refunded
2436,875,2025-08-30,53.74,completed
2437,875,2026-01-25,28.56,completed
2438,876,2025-12-31,38.83,completed
2439,877,2025-11-25,45.03,completed
2440,877,2026-01-18,66.87,completed
2441,877,2025-11-07,21.43,completed
2442,877,2026-04-19,11.4,completed
2443,877,2026-01-04,13.98,completed
2444,877,2025-12-18,54.19,completed
2445,877,2026-03-20,54.48,refunded
2446,877,2026-05-16,49.8,completed
2447,878,2025-07-11,42.28,completed
2448,881,2025-10-11,28.19,completed
2449,882,2026-05-26,42.13,completed
2450,883,2025-12-12,71.53,completed
2451,884,2025-11-13,119.88,completed
2452,884,2026-06-02,64.48,completed
2453,884,2026-02-28,51.46,completed
2454,884,2026-03-12,68.22,completed
2455,885,2025-08-21,16.57,completed
2456,885,2025-10-09,35.41,refunded
2457,885,2026-01-08,68.5,completed
2458,885,2026-04-19,32.58,completed
2459,885,2025-11-04,14.09,completed
2460,885,2025-08-28,30.03,completed
2461,885,2026-01-17,66.95,completed
2462,885,2025-07-21,24.29,completed
2463,886,2025-11-11,31.2,completed
2464,886,2026-03-27,33.17,completed
2465,887,2025-10-07,31.69,completed
2466,887,2026-01-26,68.89,completed
2467,888,2025-08-07,21.13,completed
2468,888,2026-05-18,16.5,completed
2469,888,2025-08-08,45.9,completed
2470,888,2025-10-22,55.89,completed
2471,889,2026-01-27,47.99,completed
2472,889,2025-12-20,72.19,completed
2473,889,2026-01-21,100.85,completed
2474,889,2026-06-21,36.59,completed
2475,890,2025-11-29,18.77,completed
2476,890,2025-11-04,21.95,completed
2477,891,2026-05-19,37.24,completed
2478,892,2026-04-30,16.68,completed
2479,892,2026-06-16,19.95,completed
2480,893,2025-10-27,29.75,completed
2481,893,2025-09-10,28.93,completed
2482,893,2025-11-15,97.17,completed
2483,893,2025-11-12,98.04,completed
2484,893,2025-11-04,59.83,completed
2485,893,2025-12-28,32.52,completed
2486,893,2026-04-16,64.48,completed
2487,893,2025-10-07,24.29,completed
2488,894,2026-06-05,41.88,completed
2489,894,2026-04-27,54.44,completed
2490,895,2026-06-04,46.15,completed
2491,895,2026-04-29,33.65,completed
2492,895,2026-04-15,9.86,completed
2493,895,2026-06-01,11.56,completed
2494,895,2026-05-18,34.98,completed
2495,895,2026-05-19,42.15,completed
2496,895,2026-06-07,126.55,completed
2497,895,2026-06-26,58.25,completed
2498,896,2025-10-13,105.26,completed
2499,896,2026-02-16,43.19,completed
2500,896,2026-03-07,228.5,completed
2501,896,2025-11-17,126.35,completed
2502,897,2025-10-02,68.82,completed
2503,898,2025-09-10,27.26,completed
2504,898,2026-05-15,41.28,completed
2505,899,2026-02-02,44.3,completed
2506,899,2026-06-16,147.7,completed
2507,900,2026-03-28,45.94,completed
2508,900,2026-05-12,169.38,completed
2509,901,2026-03-13,29.93,completed
2510,901,2026-06-16,63.99,completed
2511,901,2025-11-24,49.21,cancelled
2512,901,2026-02-10,66.13,refunded
2513,902,2026-05-07,118.84,completed
2514,902,2025-11-08,38.52,completed
2515,903,2025-12-25,31.1,completed
2516,903,2026-06-03,86.54,refunded
2517,904,2026-01-12,12.68,completed
2518,904,2026-05-08,77.51,completed
2519,905,2026-04-03,52.4,completed
2520,905,2025-12-18,97.48,completed
2521,905,2026-04-25,74.13,completed
2522,905,2026-04-24,135.29,completed
2523,906,2026-02-26,16.84,completed
2524,907,2026-04-21,56.98,completed
2525,907,2026-05-08,83.06,completed
2526,908,2025-12-24,30.81,completed
2527,908,2026-04-05,187.57,completed
2528,908,2026-06-21,35.02,completed
2529,908,2026-03-04,33.97,completed
2530,909,2026-05-19,89.48,completed
2531,910,2026-06-12,17.39,completed
2532,910,2026-05-20,12.95,completed
2533,911,2025-11-11,121.55,completed
2534,911,2026-02-13,14.73,completed
2535,911,2026-03-30,45.42,completed
2536,911,2026-02-24,149.42,completed
2537,912,2026-06-19,95.32,completed
2538,914,2025-10-03,151.85,completed
2539,915,2026-06-23,129.9,completed
2540,915,2026-06-25,32.57,completed
2541,917,2026-06-22,67.16,completed
2542,917,2026-06-02,82.74,refunded
2543,918,2026-03-10,32.87,completed
2544,919,2026-05-22,171.09,completed
2545,919,2026-02-14,57.02,completed
2546,919,2025-08-04,65.9,completed
2547,919,2026-03-05,54.52,completed
2548,919,2025-11-04,60.84,completed
2549,919,2026-05-16,55.07,refunded
2550,919,2025-11-11,87.55,completed
2551,919,2025-11-18,221.83,completed
2552,920,2026-06-21,71.55,completed
2553,920,2026-05-31,16.85,completed
2554,921,2025-09-18,29.39,refunded
2555,922,2026-02-22,104.99,completed
2556,923,2026-05-30,118.78,completed
2557,923,2026-01-10,32.31,completed
2558,924,2025-09-14,55.49,completed
2559,926,2026-04-05,58.32,refunded
2560,926,2025-10-30,96.49,completed
2561,926,2026-05-16,73.15,completed
2562,926,2026-06-11,76.9,completed
2563,927,2026-05-31,37.83,completed
2564,927,2025-12-05,40.79,completed
2565,927,2026-02-19,19.92,completed
2566,927,2025-09-30,58.47,cancelled
2567,928,2026-02-14,48.65,completed
2568,928,2025-12-04,86.85,completed
2569,928,2026-06-05,54.41,completed
2570,928,2025-08-21,37.26,completed
2571,929,2026-04-18,27.95,completed
2572,929,2026-06-17,48.45,completed
2573,929,2026-05-06,62.97,completed
2574,929,2026-03-07,16.15,completed
2575,930,2025-09-16,69.59,completed
2576,931,2025-09-19,40.92,completed
2577,932,2026-06-03,62.74,completed
2578,933,2025-09-22,260.03,completed
2579,934,2026-04-01,76.55,completed
2580,934,2026-06-02,26.0,completed
2581,935,2025-12-19,22.12,completed
2582,935,2026-01-28,24.43,completed
2583,936,2026-05-31,34.37,completed
2584,936,2026-05-09,51.69,completed
2585,937,2026-04-19,142.37,completed
2586,937,2026-04-16,56.4,completed
2587,937,2025-12-24,8.03,completed
2588,937,2026-03-25,30.38,completed
2589,938,2026-03-12,34.88,completed
2590,938,2025-07-28,115.87,completed
2591,938,2026-02-25,30.97,completed
2592,938,2026-01-15,93.9,cancelled
2593,940,2026-02-21,22.45,completed
2594,940,2025-07-21,33.2,completed
2595,940,2026-01-24,28.84,completed
2596,940,2025-07-03,49.0,completed
2597,941,2026-01-14,42.15,completed
2598,941,2026-05-18,67.93,completed
2599,942,2026-03-07,29.2,completed
2600,943,2026-06-04,158.89,refunded
2601,944,2026-06-05,82.74,completed
2602,945,2025-11-06,18.17,completed
2603,946,2025-08-30,35.41,refunded
2604,946,2025-09-10,35.06,completed
2605,946,2025-10-30,33.81,completed
2606,946,2026-01-13,19.12,completed
2607,946,2025-12-02,54.24,completed
2608,946,2026-06-11,46.85,refunded
2609,946,2026-05-22,39.65,completed
2610,946,2025-09-30,13.37,completed
2611,947,2025-12-20,65.22,completed
2612,948,2026-03-11,132.19,completed
2613,948,2025-07-04,139.56,completed
2614,950,2026-05-31,56.97,completed
2615,950,2026-06-28,23.05,completed
2616,951,2026-01-01,20.83,completed
2617,951,2026-05-20,34.34,completed
2618,951,2026-04-01,60.05,completed
2619,951,2025-12-26,31.63,completed
2620,952,2026-06-19,105.0,completed
2621,954,2026-03-12,41.61,completed
2622,954,2026-06-28,61.08,completed
2623,954,2025-10-22,91.88,completed
2624,954,2026-03-24,104.64,completed
2625,955,2026-01-20,60.34,completed
2626,955,2025-09-28,180.13,completed
2627,955,2026-01-02,49.88,completed
2628,955,2026-03-18,15.39,refunded
2629,956,2026-02-15,51.89,completed
2630,956,2026-01-31,92.53,completed
2631,956,2026-05-22,38.51,completed
2632,956,2026-02-15,27.58,completed
2633,957,2026-04-02,31.85,completed
2634,958,2026-04-07,55.37,completed
2635,958,2026-02-03,87.96,completed
2636,958,2026-05-16,208.09,completed
2637,958,2026-01-05,121.93,refunded
2638,958,2026-06-28,34.43,completed
2639,958,2026-04-16,34.69,completed
2640,958,2026-01-03,42.79,completed
2641,958,2026-05-27,63.51,completed
2642,959,2025-10-09,12.72,completed
2643,959,2026-02-26,117.85,completed
2644,959,2025-12-26,52.81,refunded
2645,959,2026-01-14,19.09,completed
2646,959,2026-05-09,20.19,completed
2647,959,2026-02-16,10.98,completed
2648,959,2026-04-02,28.68,completed
2649,959,2025-10-02,87.35,completed
2650,961,2025-07-18,61.75,completed
2651,961,2025-07-02,39.71,completed
2652,962,2025-07-19,49.81,completed
2653,963,2026-05-20,69.59,completed
2654,964,2025-09-07,74.36,completed
2655,964,2026-06-14,186.35,completed
2656,965,2026-03-07,291.05,completed
2657,965,2025-09-30,75.6,completed
2658,966,2026-01-06,154.95,completed
2659,968,2026-05-20,26.45,completed
2660,968,2026-02-12,27.87,completed
2661,968,2026-06-07,35.9,completed
2662,968,2025-09-18,124.2,completed
2663,968,2025-12-13,22.07,refunded
2664,968,2026-06-30,48.47,completed
2665,968,2026-03-22,25.38,completed
2666,968,2025-08-17,65.47,completed
2667,969,2026-04-30,34.93,completed
2668,969,2026-05-14,111.01,completed
2669,969,2026-06-18,100.14,completed
2670,969,2026-04-10,101.22,completed
2671,970,2026-05-20,26.86,completed
2672,970,2026-06-03,57.1,completed
2673,970,2026-05-18,41.62,completed
2674,970,2026-06-16,87.67,completed
2675,970,2026-05-25,123.12,refunded
2676,970,2026-05-26,149.69,completed
2677,970,2026-05-02,29.43,completed
2678,970,2026-06-20,71.02,completed
2679,972,2025-12-05,53.18,completed
2680,975,2026-04-13,30.69,completed
2681,975,2026-04-05,33.69,completed
2682,975,2026-01-26,52.96,completed
2683,975,2025-07-14,153.5,completed
2684,975,2026-04-30,31.3,completed
2685,975,2026-04-13,90.39,completed
2686,975,2025-09-18,77.56,completed
2687,975,2025-09-18,41.37,completed
2688,976,2026-05-08,9.66,completed
2689,976,2025-08-31,33.15,completed
2690,976,2026-06-09,70.9,completed
2691,976,2026-03-14,424.92,completed
2692,976,2026-04-26,45.16,completed
2693,976,2025-12-16,65.84,completed
2694,976,2025-07-20,54.44,completed
2695,976,2025-10-09,33.59,cancelled
2696,977,2025-12-21,38.88,completed
2697,977,2026-02-02,123.08,completed
2698,977,2026-05-09,71.45,completed
2699,977,2026-05-18,43.91,completed
2700,977,2026-01-18,48.34,completed
2701,977,2025-11-22,49.44,refunded
2702,977,2026-02-01,61.66,completed
2703,977,2026-06-04,72.93,completed
2704,978,2026-04-12,28.73,completed
2705,980,2026-03-16,62.52,refunded
2706,980,2025-09-30,110.08,completed
2707,980,2025-07-10,63.26,refunded
2708,980,2026-05-21,51.25,completed
2709,980,2026-03-27,28.92,completed
2710,980,2026-02-03,40.16,completed
2711,980,2026-06-15,37.57,completed
2712,980,2025-07-06,27.02,completed
2713,981,2026-06-04,69.07,completed
2714,981,2026-06-23,164.29,completed
2715,982,2025-08-09,18.76,completed
2716,983,2026-05-16,69.42,completed
2717,984,2026-03-18,130.15,completed
2718,986,2026-05-16,72.77,cancelled
2719,986,2026-01-10,117.31,completed
2720,986,2026-05-09,62.62,completed
2721,986,2026-05-06,159.86,cancelled
2722,987,2026-05-13,41.33,completed
2723,987,2026-06-16,101.73,completed
2724,988,2025-07-23,251.62,completed
2725,988,2025-11-14,57.55,completed
2726,990,2026-03-15,118.97,completed
2727,991,2026-02-27,34.99,completed
2728,991,2026-04-04,167.72,completed
2729,991,2026-04-06,47.92,completed
2730,991,2026-06-27,95.76,completed
2731,991,2026-04-11,345.86,completed
2732,991,2026-05-06,27.99,completed
2733,991,2026-05-21,49.36,completed
2734,991,2026-06-05,119.28,completed
2735,992,2025-09-10,85.67,completed
2736,992,2025-08-14,98.26,completed
2737,992,2026-03-11,38.23,completed
2738,992,2026-03-17,37.79,completed
2739,992,2026-05-03,215.06,completed
2740,992,2025-11-30,37.21,completed
2741,992,2026-05-22,82.47,completed
2742,992,2025-11-23,58.87,completed
2743,993,2025-11-04,49.85,completed
2744,993,2026-01-04,44.56,completed
2745,994,2026-04-18,170.58,completed
2746,994,2025-08-25,90.05,completed
2747,994,2025-12-05,31.73,completed
2748,994,2025-11-04,117.12,completed
2749,995,2026-06-04,119.23,completed
2750,995,2025-12-02,72.07,cancelled
2751,995,2025-07-18,46.16,completed
2752,995,2025-12-21,15.61,completed
2753,995,2025-12-28,38.23,completed
2754,995,2025-09-22,23.78,completed
2755,995,2026-04-29,39.86,completed
2756,995,2025-10-20,11.55,completed
2757,996,2026-04-07,98.03,completed
2758,996,2026-05-02,130.07,completed
2759,997,2026-05-05,75.37,completed
2760,997,2026-06-14,31.14,completed
2761,997,2026-04-13,128.4,completed
2762,997,2026-04-22,40.71,completed
2763,997,2025-11-14,135.42,completed
2764,997,2026-03-24,205.59,completed
2765,997,2025-11-18,36.48,completed
2766,997,2025-11-13,65.1,cancelled
2767,998,2026-06-02,77.22,completed
2768,999,2025-09-05,28.2,completed
2769,999,2025-11-16,93.77,completed
2770,999,2026-06-26,166.28,completed
2771,999,2025-11-02,141.33,completed
2772,1000,2026-05-10,59.01,completed
2773,1000,2026-05-06,70.69,completed
2774,1000,2026-05-25,142.4,completed
2775,1000,2026-06-28,146.25,completed
