ticket_id,customer_id,opened_date,category
1,1,2026-03-17,delivery
2,6,2026-04-12,product
3,10,2026-06-03,delivery
4,11,2026-05-21,other
5,12,2025-09-22,billing
6,13,2026-03-17,billing
7,15,2025-12-25,product
8,17,2026-03-28,product
9,22,2025-07-08,billing
10,24,2025-12-14,delivery
11,31,2025-12-07,product
12,34,2026-05-23,delivery
13,37,2026-04-08,delivery
14,40,2025-11-14,other
15,42,2026-05-13,product
16,46,2026-03-27,delivery
17,58,2025-11-04,delivery
18,67,2026-03-16,other
19,70,2025-08-19,product
20,71,2026-06-06,delivery
21,76,2026-01-08,delivery
22,79,2025-09-19,delivery
23,81,2025-11-25,delivery
24,84,2026-06-22,billing
25,88,2026-05-23,billing
26,91,2026-01-06,product
27,92,2026-06-11,product
28,93,2026-05-09,product
29,95,2026-03-10,billing
30,98,2026-04-27,billing
31,99,2025-07-21,other
32,107,2026-04-17,other
33,109,2025-08-15,other
34,113,2025-10-30,billing
35,117,2025-07-16,billing
36,118,2026-06-11,other
37,124,2025-11-28,other
38,129,2026-05-11,billing
39,131,2026-05-30,billing
40,138,2026-01-13,delivery
41,143,2026-03-31,other
42,145,2026-03-01,delivery
43,149,2026-06-01,delivery
44,150,2025-12-25,other
45,158,2025-08-22,billing
46,161,2025-10-12,billing
47,166,2026-06-17,other
48,169,2025-11-22,delivery
49,171,2026-04-30,product
50,178,2026-04-04,billing
51,181,2026-03-14,delivery
52,188,2026-06-01,delivery
53,189,2025-07-26,other
54,190,2026-06-03,product
55,194,2026-03-08,delivery
56,195,2026-02-10,billing
57,201,2025-08-09,billing
58,205,2026-05-23,product
59,206,2026-05-09,billing
60,209,2025-12-18,other
61,210,2025-10-25,product
62,211,2025-11-30,billing
63,216,2026-01-23,delivery
64,217,2026-04-18,billing
65,220,2026-05-28,delivery
66,223,2026-06-05,other
67,224,2026-05-01,billing
68,225,2025-08-15,product
69,226,2026-04-04,billing
70,228,2026-02-08,delivery
71,229,2026-03-01,delivery
72,230,2026-05-20,billing
73,240,2025-10-11,other
74,247,2026-02-20,delivery
75,250,2026-02-23,other
76,252,2025-09-05,product
77,255,2026-02-21,delivery
78,262,2025-12-15,billing
79,267,2026-04-07,billing
80,271,2025-11-13,billing
81,284,2026-01-14,billing
82,288,2026-04-29,other
83,292,2025-07-03,product
84,294,2026-01-26,product
85,297,2026-05-04,other
86,300,2025-08-24,delivery
87,304,2026-06-27,billing
88,309,2026-06-09,billing
89,312,2026-06-06,delivery
90,313,2025-11-05,billing
91,314,2026-02-27,billing
92,329,2026-03-07,billing
93,332,2025-12-17,other
94,336,2026-05-12,delivery
95,339,2025-10-13,other
96,345,2026-03-22,billing
97,347,2026-04-15,delivery
98,349,2026-05-09,product
99,351,2026-01-20,other
100,352,2026-01-18,billing
101,353,2025-08-10,product
102,358,2026-03-15,delivery
103,362,2026-02-01,billing
104,363,2025-10-25,other
105,364,2026-06-29,other
106,368,2026-05-22,delivery
107,369,2026-06-28,other
108,373,2026-06-26,product
109,376,2026-03-21,billing
110,378,2025-12-22,billing
111,379,2026-02-08,other
112,383,2026-04-28,other
113,389,2026-06-19,other
114,390,2026-06-07,delivery
115,392,2026-04-06,billing
116,393,2026-02-04,other
117,394,2025-07-16,other
118,395,2025-10-20,product
119,396,2025-10-07,delivery
120,402,2026-05-19,billing
121,404,2025-12-24,other
122,409,2026-04-06,other
123,415,2026-06-29,other
124,419,2025-10-03,delivery
125,422,2026-06-27,other
126,431,2026-02-03,product
127,432,2026-04-22,product
128,433,2026-05-08,product
129,438,2026-05-28,product
130,442,2026-05-29,delivery
131,448,2026-03-12,billing
132,450,2025-10-28,billing
133,451,2026-05-30,delivery
134,455,2025-07-10,billing
135,457,2026-02-15,delivery
136,458,2026-05-11,delivery
137,463,2025-08-28,delivery
138,465,2025-09-28,product
139,467,2026-04-24,other
140,472,2026-01-06,other
141,479,2026-03-14,billing
142,496,2025-08-12,billing
143,499,2026-06-26,delivery
144,502,2026-05-19,billing
145,509,2025-11-18,delivery
146,514,2025-07-23,other
147,519,2025-09-28,billing
148,524,2026-03-21,delivery
149,526,2026-03-07,product
150,534,2025-08-08,product
151,543,2026-01-01,delivery
152,544,2025-10-28,product
153,547,2025-09-18,product
154,549,2026-04-10,product
155,553,2026-01-09,other
156,557,2026-06-20,delivery
157,560,2026-04-01,delivery
158,565,2025-10-13,billing
159,566,2025-12-30,product
160,569,2025-08-24,product
161,570,2026-02-03,other
162,578,2026-02-20,product
163,580,2025-11-25,billing
164,581,2026-03-14,billing
165,584,2026-05-28,product
166,589,2026-02-02,delivery
167,591,2025-09-14,other
168,594,2026-01-15,other
169,595,2026-06-29,delivery
170,602,2026-02-02,billing
171,610,2025-08-22,billing
172,619,2026-03-31,other
173,620,2026-05-24,other
174,622,2026-06-19,billing
175,625,2026-05-08,delivery
176,626,2025-10-26,product
177,629,2025-11-14,other
178,630,2026-03-12,billing
179,634,2026-02-04,product
180,640,2026-02-16,product
181,641,2026-06-26,delivery
182,643,2026-03-21,product
183,647,2025-08-06,other
184,653,2025-11-12,other
185,655,2025-10-14,other
186,660,2026-05-19,product
187,664,2026-05-07,other
188,668,2025-10-11,other
189,670,2025-12-05,delivery
190,675,2026-04-08,product
191,676,2026-01-10,billing
192,677,2025-10-24,delivery
193,683,2025-07-22,delivery
194,687,2025-11-04,other
195,689,2026-06-25,other
196,690,2026-03-30,other
197,691,2025-10-05,product
198,694,2026-03-16,product
199,695,2025-12-28,billing
200,702,2025-11-23,product
201,707,2025-12-26,product
202,711,2026-05-20,other
203,712,2025-09-24,delivery
204,715,2026-02-07,other
205,720,2026-04-01,other
206,727,2025-10-14,billing
207,728,2026-06-16,billing
208,731,2026-06-17,billing
209,732,2026-03-23,billing
210,734,2026-05-21,billing
211,736,2026-05-25,billing
212,737,2026-06-16,other
213,741,2025-10-17,other
214,747,2026-04-04,delivery
215,748,2025-10-12,product
216,762,2026-03-13,billing
217,769,2026-01-11,product
218,772,2026-01-08,product
219,778,2026-04-30,delivery
220,779,2026-05-17,other
221,781,2026-05-08,billing
222,783,2026-06-16,billing
223,785,2026-05-27,other
224,791,2026-06-21,billing
225,795,2026-03-18,delivery
226,800,2026-04-11,product
227,804,2026-06-10,other
228,809,2026-06-27,other
229,814,2026-05-30,delivery
230,815,2026-05-23,other
231,816,2026-05-13,product
232,820,2026-01-18,billing
233,821,2025-12-16,other
234,823,2025-12-15,other
235,827,2026-05-24,product
236,828,2026-04-13,billing
237,831,2026-02-24,product
238,832,2026-06-03,billing
239,833,2026-06-30,product
240,837,2026-05-18,other
241,838,2025-09-13,billing
242,840,2025-12-21,other
243,843,2025-09-23,product
244,846,2026-05-25,delivery
245,848,2025-08-29,billing
246,850,2025-07-02,billing
247,852,2026-04-17,product
248,856,2026-01-03,delivery
249,862,2026-06-22,other
250,865,2026-02-18,delivery
251,866,2026-01-02,other
252,867,2025-10-10,delivery
253,875,2026-04-23,product
254,876,2026-02-25,billing
255,877,2025-12-05,other
256,885,2025-10-20,billing
257,892,2026-06-23,billing
258,893,2026-06-29,other
259,899,2026-04-17,delivery
260,900,2026-02-09,product
261,901,2025-12-20,other
262,907,2025-12-18,product
263,910,2026-06-22,delivery
264,914,2025-08-29,product
265,921,2025-07-29,delivery
266,925,2026-06-07,other
267,928,2026-01-31,billing
268,929,2026-04-22,delivery
269,935,2025-08-20,other
270,936,2026-06-28,delivery
271,937,2026-02-20,delivery
272,948,2025-09-22,delivery
273,951,2026-02-16,delivery
274,954,2026-01-15,delivery
275,958,2026-05-27,delivery
276,963,2026-02-15,delivery
277,964,2025-10-16,other
278,966,2025-09-10,product
279,969,2026-05-06,product
280,973,2026-01-30,product
281,975,2026-06-22,other
282,979,2025-12-23,product
283,989,2026-04-28,product
284,991,2026-03-20,billing
285,992,2026-03-31,product
286,995,2025-12-19,product
287,999,2025-12-20,billing
288,1000,2026-06-05,other
